"kommunenummer_2013";"kommunenavn_2013";"kommunenummer_2017";"kommunenavn_2017";"endringsmerknad_13_17";"kommunenummer_2018";"kommunenavn_2018";"endringsmerknad_17_18";"kommunenummer_2019";"kommunenavn_2019";"endringsmerknad_18_19";"kommunenummer_2020";"kommunenavn_2020";"endringsmerknad_19_20"
"0101";"Halden";"0101";"Halden";"uendret fra 2013 til 2017";"0101";"Halden";"uendret fra 2017 til 2018";"0101";"Halden";"uendret fra 2018 til 2019";"3001";"Halden";"kun endret nummer fra 2019 til 2020"
"0104";"Moss";"0104";"Moss";"uendret fra 2013 til 2017";"0104";"Moss";"uendret fra 2017 til 2018";"0104";"Moss";"uendret fra 2018 til 2019";"3002";"Moss";"slått sammen fra 2019 til 2020"
"0105";"Sarpsborg";"0105";"Sarpsborg";"uendret fra 2013 til 2017";"0105";"Sarpsborg";"uendret fra 2017 til 2018";"0105";"Sarpsborg";"uendret fra 2018 til 2019";"3003";"Sarpsborg";"kun endret nummer fra 2019 til 2020"
"0106";"Fredrikstad";"0106";"Fredrikstad";"uendret fra 2013 til 2017";"0106";"Fredrikstad";"uendret fra 2017 til 2018";"0106";"Fredrikstad";"uendret fra 2018 til 2019";"3004";"Fredrikstad";"kun endret nummer fra 2019 til 2020"
"0111";"Hvaler";"0111";"Hvaler";"uendret fra 2013 til 2017";"0111";"Hvaler";"uendret fra 2017 til 2018";"0111";"Hvaler";"uendret fra 2018 til 2019";"3011";"Hvaler";"kun endret nummer fra 2019 til 2020"
"0118";"Aremark";"0118";"Aremark";"uendret fra 2013 til 2017";"0118";"Aremark";"uendret fra 2017 til 2018";"0118";"Aremark";"uendret fra 2018 til 2019";"3012";"Aremark";"kun endret nummer fra 2019 til 2020"
"0119";"Marker";"0119";"Marker";"uendret fra 2013 til 2017";"0119";"Marker";"uendret fra 2017 til 2018";"0119";"Marker";"uendret fra 2018 til 2019";"3013";"Marker";"kun endret nummer fra 2019 til 2020"
"0121";"Rømskog";"0121";"Rømskog";"uendret fra 2013 til 2017";"0121";"Rømskog";"uendret fra 2017 til 2018";"0121";"Rømskog";"uendret fra 2018 til 2019";"3026";"Aurskog-Høland";"slått sammen fra 2019 til 2020"
"0122";"Trøgstad";"0122";"Trøgstad";"uendret fra 2013 til 2017";"0122";"Trøgstad";"uendret fra 2017 til 2018";"0122";"Trøgstad";"uendret fra 2018 til 2019";"3014";"Indre Østfold";"slått sammen fra 2019 til 2020"
"0123";"Spydeberg";"0123";"Spydeberg";"uendret fra 2013 til 2017";"0123";"Spydeberg";"uendret fra 2017 til 2018";"0123";"Spydeberg";"uendret fra 2018 til 2019";"3014";"Indre Østfold";"slått sammen fra 2019 til 2020"
"0124";"Askim";"0124";"Askim";"uendret fra 2013 til 2017";"0124";"Askim";"uendret fra 2017 til 2018";"0124";"Askim";"uendret fra 2018 til 2019";"3014";"Indre Østfold";"slått sammen fra 2019 til 2020"
"0125";"Eidsberg";"0125";"Eidsberg";"uendret fra 2013 til 2017";"0125";"Eidsberg";"uendret fra 2017 til 2018";"0125";"Eidsberg";"uendret fra 2018 til 2019";"3014";"Indre Østfold";"slått sammen fra 2019 til 2020"
"0127";"Skiptvet";"0127";"Skiptvet";"uendret fra 2013 til 2017";"0127";"Skiptvet";"uendret fra 2017 til 2018";"0127";"Skiptvet";"uendret fra 2018 til 2019";"3015";"Skiptvet";"kun endret nummer fra 2019 til 2020"
"0128";"Rakkestad";"0128";"Rakkestad";"uendret fra 2013 til 2017";"0128";"Rakkestad";"uendret fra 2017 til 2018";"0128";"Rakkestad";"uendret fra 2018 til 2019";"3016";"Rakkestad";"kun endret nummer fra 2019 til 2020"
"0135";"Råde";"0135";"Råde";"uendret fra 2013 til 2017";"0135";"Råde";"uendret fra 2017 til 2018";"0135";"Råde";"uendret fra 2018 til 2019";"3017";"Råde";"kun endret nummer fra 2019 til 2020"
"0136";"Rygge";"0136";"Rygge";"uendret fra 2013 til 2017";"0136";"Rygge";"uendret fra 2017 til 2018";"0136";"Rygge";"uendret fra 2018 til 2019";"3002";"Moss";"slått sammen fra 2019 til 2020"
"0137";"Våler";"0137";"Våler";"uendret fra 2013 til 2017";"0137";"Våler";"uendret fra 2017 til 2018";"0137";"Våler";"uendret fra 2018 til 2019";"3018";"Våler (Viken)";"kun endret nummer fra 2019 til 2020"
"0138";"Hobøl";"0138";"Hobøl";"uendret fra 2013 til 2017";"0138";"Hobøl";"uendret fra 2017 til 2018";"0138";"Hobøl";"uendret fra 2018 til 2019";"3014";"Indre Østfold";"slått sammen fra 2019 til 2020"
"0211";"Vestby";"0211";"Vestby";"uendret fra 2013 til 2017";"0211";"Vestby";"uendret fra 2017 til 2018";"0211";"Vestby";"uendret fra 2018 til 2019";"3019";"Vestby";"kun endret nummer fra 2019 til 2020"
"0213";"Ski";"0213";"Ski";"uendret fra 2013 til 2017";"0213";"Ski";"uendret fra 2017 til 2018";"0213";"Ski";"uendret fra 2018 til 2019";"3020";"Nordre Follo";"slått sammen fra 2019 til 2020"
"0214";"Ås";"0214";"Ås";"uendret fra 2013 til 2017";"0214";"Ås";"uendret fra 2017 til 2018";"0214";"Ås";"uendret fra 2018 til 2019";"3021";"Ås";"kun endret nummer fra 2019 til 2020"
"0215";"Frogn";"0215";"Frogn";"uendret fra 2013 til 2017";"0215";"Frogn";"uendret fra 2017 til 2018";"0215";"Frogn";"uendret fra 2018 til 2019";"3022";"Frogn";"kun endret nummer fra 2019 til 2020"
"0216";"Nesodden";"0216";"Nesodden";"uendret fra 2013 til 2017";"0216";"Nesodden";"uendret fra 2017 til 2018";"0216";"Nesodden";"uendret fra 2018 til 2019";"3023";"Nesodden";"kun endret nummer fra 2019 til 2020"
"0217";"Oppegård";"0217";"Oppegård";"uendret fra 2013 til 2017";"0217";"Oppegård";"uendret fra 2017 til 2018";"0217";"Oppegård";"uendret fra 2018 til 2019";"3020";"Nordre Follo";"slått sammen fra 2019 til 2020"
"0219";"Bærum";"0219";"Bærum";"uendret fra 2013 til 2017";"0219";"Bærum";"uendret fra 2017 til 2018";"0219";"Bærum";"uendret fra 2018 til 2019";"3024";"Bærum";"kun endret nummer fra 2019 til 2020"
"0220";"Asker";"0220";"Asker";"uendret fra 2013 til 2017";"0220";"Asker";"uendret fra 2017 til 2018";"0220";"Asker";"uendret fra 2018 til 2019";"3025";"Asker";"slått sammen fra 2019 til 2020"
"0221";"Aurskog-Høland";"0221";"Aurskog-Høland";"uendret fra 2013 til 2017";"0221";"Aurskog-Høland";"uendret fra 2017 til 2018";"0221";"Aurskog-Høland";"uendret fra 2018 til 2019";"3026";"Aurskog-Høland";"slått sammen fra 2019 til 2020"
"0226";"Sørum";"0226";"Sørum";"uendret fra 2013 til 2017";"0226";"Sørum";"uendret fra 2017 til 2018";"0226";"Sørum";"uendret fra 2018 til 2019";"3030";"Lillestrøm";"slått sammen fra 2019 til 2020"
"0227";"Fet";"0227";"Fet";"uendret fra 2013 til 2017";"0227";"Fet";"uendret fra 2017 til 2018";"0227";"Fet";"uendret fra 2018 til 2019";"3030";"Lillestrøm";"slått sammen fra 2019 til 2020"
"0228";"Rælingen";"0228";"Rælingen";"uendret fra 2013 til 2017";"0228";"Rælingen";"uendret fra 2017 til 2018";"0228";"Rælingen";"uendret fra 2018 til 2019";"3027";"Rælingen";"kun endret nummer fra 2019 til 2020"
"0229";"Enebakk";"0229";"Enebakk";"uendret fra 2013 til 2017";"0229";"Enebakk";"uendret fra 2017 til 2018";"0229";"Enebakk";"uendret fra 2018 til 2019";"3028";"Enebakk";"kun endret nummer fra 2019 til 2020"
"0230";"Lørenskog";"0230";"Lørenskog";"uendret fra 2013 til 2017";"0230";"Lørenskog";"uendret fra 2017 til 2018";"0230";"Lørenskog";"uendret fra 2018 til 2019";"3029";"Lørenskog";"kun endret nummer fra 2019 til 2020"
"0231";"Skedsmo";"0231";"Skedsmo";"uendret fra 2013 til 2017";"0231";"Skedsmo";"uendret fra 2017 til 2018";"0231";"Skedsmo";"uendret fra 2018 til 2019";"3030";"Lillestrøm";"slått sammen fra 2019 til 2020"
"0233";"Nittedal";"0233";"Nittedal";"uendret fra 2013 til 2017";"0233";"Nittedal";"uendret fra 2017 til 2018";"0233";"Nittedal";"uendret fra 2018 til 2019";"3031";"Nittedal";"kun endret nummer fra 2019 til 2020"
"0234";"Gjerdrum";"0234";"Gjerdrum";"uendret fra 2013 til 2017";"0234";"Gjerdrum";"uendret fra 2017 til 2018";"0234";"Gjerdrum";"uendret fra 2018 til 2019";"3032";"Gjerdrum";"kun endret nummer fra 2019 til 2020"
"0235";"Ullensaker";"0235";"Ullensaker";"uendret fra 2013 til 2017";"0235";"Ullensaker";"uendret fra 2017 til 2018";"0235";"Ullensaker";"uendret fra 2018 til 2019";"3033";"Ullensaker";"kun endret nummer fra 2019 til 2020"
"0236";"Nes";"0236";"Nes";"uendret fra 2013 til 2017";"0236";"Nes";"uendret fra 2017 til 2018";"0236";"Nes";"uendret fra 2018 til 2019";"3034";"Nes";"kun endret nummer fra 2019 til 2020"
"0237";"Eidsvoll";"0237";"Eidsvoll";"uendret fra 2013 til 2017";"0237";"Eidsvoll";"uendret fra 2017 til 2018";"0237";"Eidsvoll";"uendret fra 2018 til 2019";"3035";"Eidsvoll";"kun endret nummer fra 2019 til 2020"
"0238";"Nannestad";"0238";"Nannestad";"uendret fra 2013 til 2017";"0238";"Nannestad";"uendret fra 2017 til 2018";"0238";"Nannestad";"uendret fra 2018 til 2019";"3036";"Nannestad";"kun endret nummer fra 2019 til 2020"
"0239";"Hurdal";"0239";"Hurdal";"uendret fra 2013 til 2017";"0239";"Hurdal";"uendret fra 2017 til 2018";"0239";"Hurdal";"uendret fra 2018 til 2019";"3037";"Hurdal";"kun endret nummer fra 2019 til 2020"
"0301";"Oslo";"0301";"Oslo";"uendret fra 2013 til 2017";"0301";"Oslo";"uendret fra 2017 til 2018";"0301";"Oslo";"uendret fra 2018 til 2019";"0301";"Oslo";"uendret fra 2019 til 2020"
"0402";"Kongsvinger";"0402";"Kongsvinger";"uendret fra 2013 til 2017";"0402";"Kongsvinger";"uendret fra 2017 til 2018";"0402";"Kongsvinger";"uendret fra 2018 til 2019";"3401";"Kongsvinger";"kun endret nummer fra 2019 til 2020"
"0403";"Hamar";"0403";"Hamar";"uendret fra 2013 til 2017";"0403";"Hamar";"uendret fra 2017 til 2018";"0403";"Hamar";"uendret fra 2018 til 2019";"3403";"Hamar";"kun endret nummer fra 2019 til 2020"
"0412";"Ringsaker";"0412";"Ringsaker";"uendret fra 2013 til 2017";"0412";"Ringsaker";"uendret fra 2017 til 2018";"0412";"Ringsaker";"uendret fra 2018 til 2019";"3411";"Ringsaker";"kun endret nummer fra 2019 til 2020"
"0415";"Løten";"0415";"Løten";"uendret fra 2013 til 2017";"0415";"Løten";"uendret fra 2017 til 2018";"0415";"Løten";"uendret fra 2018 til 2019";"3412";"Løten";"kun endret nummer fra 2019 til 2020"
"0417";"Stange";"0417";"Stange";"uendret fra 2013 til 2017";"0417";"Stange";"uendret fra 2017 til 2018";"0417";"Stange";"uendret fra 2018 til 2019";"3413";"Stange";"kun endret nummer fra 2019 til 2020"
"0418";"Nord-Odal";"0418";"Nord-Odal";"uendret fra 2013 til 2017";"0418";"Nord-Odal";"uendret fra 2017 til 2018";"0418";"Nord-Odal";"uendret fra 2018 til 2019";"3414";"Nord-Odal";"kun endret nummer fra 2019 til 2020"
"0419";"Sør-Odal";"0419";"Sør-Odal";"uendret fra 2013 til 2017";"0419";"Sør-Odal";"uendret fra 2017 til 2018";"0419";"Sør-Odal";"uendret fra 2018 til 2019";"3415";"Sør-Odal";"kun endret nummer fra 2019 til 2020"
"0420";"Eidskog";"0420";"Eidskog";"uendret fra 2013 til 2017";"0420";"Eidskog";"uendret fra 2017 til 2018";"0420";"Eidskog";"uendret fra 2018 til 2019";"3416";"Eidskog";"kun endret nummer fra 2019 til 2020"
"0423";"Grue";"0423";"Grue";"uendret fra 2013 til 2017";"0423";"Grue";"uendret fra 2017 til 2018";"0423";"Grue";"uendret fra 2018 til 2019";"3417";"Grue";"kun endret nummer fra 2019 til 2020"
"0425";"Åsnes";"0425";"Åsnes";"uendret fra 2013 til 2017";"0425";"Åsnes";"uendret fra 2017 til 2018";"0425";"Åsnes";"uendret fra 2018 til 2019";"3418";"Åsnes";"kun endret nummer fra 2019 til 2020"
"0426";"Våler";"0426";"Våler";"uendret fra 2013 til 2017";"0426";"Våler";"uendret fra 2017 til 2018";"0426";"Våler";"uendret fra 2018 til 2019";"3419";"Våler (Innlandet)";"kun endret nummer fra 2019 til 2020"
"0427";"Elverum";"0427";"Elverum";"uendret fra 2013 til 2017";"0427";"Elverum";"uendret fra 2017 til 2018";"0427";"Elverum";"uendret fra 2018 til 2019";"3420";"Elverum";"kun endret nummer fra 2019 til 2020"
"0428";"Trysil";"0428";"Trysil";"uendret fra 2013 til 2017";"0428";"Trysil";"uendret fra 2017 til 2018";"0428";"Trysil";"uendret fra 2018 til 2019";"3421";"Trysil";"kun endret nummer fra 2019 til 2020"
"0429";"Åmot";"0429";"Åmot";"uendret fra 2013 til 2017";"0429";"Åmot";"uendret fra 2017 til 2018";"0429";"Åmot";"uendret fra 2018 til 2019";"3422";"Åmot";"kun endret nummer fra 2019 til 2020"
"0430";"Stor-Elvdal";"0430";"Stor-Elvdal";"uendret fra 2013 til 2017";"0430";"Stor-Elvdal";"uendret fra 2017 til 2018";"0430";"Stor-Elvdal";"uendret fra 2018 til 2019";"3423";"Stor-Elvdal";"kun endret nummer fra 2019 til 2020"
"0432";"Rendalen";"0432";"Rendalen";"uendret fra 2013 til 2017";"0432";"Rendalen";"uendret fra 2017 til 2018";"0432";"Rendalen";"uendret fra 2018 til 2019";"3424";"Rendalen";"kun endret nummer fra 2019 til 2020"
"0434";"Engerdal";"0434";"Engerdal";"uendret fra 2013 til 2017";"0434";"Engerdal";"uendret fra 2017 til 2018";"0434";"Engerdal";"uendret fra 2018 til 2019";"3425";"Engerdal";"kun endret nummer fra 2019 til 2020"
"0436";"Tolga";"0436";"Tolga";"uendret fra 2013 til 2017";"0436";"Tolga";"uendret fra 2017 til 2018";"0436";"Tolga";"uendret fra 2018 til 2019";"3426";"Tolga";"kun endret nummer fra 2019 til 2020"
"0437";"Tynset";"0437";"Tynset";"uendret fra 2013 til 2017";"0437";"Tynset";"uendret fra 2017 til 2018";"0437";"Tynset";"uendret fra 2018 til 2019";"3427";"Tynset";"kun endret nummer fra 2019 til 2020"
"0438";"Alvdal";"0438";"Alvdal";"uendret fra 2013 til 2017";"0438";"Alvdal";"uendret fra 2017 til 2018";"0438";"Alvdal";"uendret fra 2018 til 2019";"3428";"Alvdal";"kun endret nummer fra 2019 til 2020"
"0439";"Folldal";"0439";"Folldal";"uendret fra 2013 til 2017";"0439";"Folldal";"uendret fra 2017 til 2018";"0439";"Folldal";"uendret fra 2018 til 2019";"3429";"Folldal";"kun endret nummer fra 2019 til 2020"
"0441";"Os";"0441";"Os";"uendret fra 2013 til 2017";"0441";"Os";"uendret fra 2017 til 2018";"0441";"Os";"uendret fra 2018 til 2019";"3430";"Os";"kun endret nummer fra 2019 til 2020"
"0501";"Lillehammer";"0501";"Lillehammer";"uendret fra 2013 til 2017";"0501";"Lillehammer";"uendret fra 2017 til 2018";"0501";"Lillehammer";"uendret fra 2018 til 2019";"3405";"Lillehammer";"kun endret nummer fra 2019 til 2020"
"0502";"Gjøvik";"0502";"Gjøvik";"uendret fra 2013 til 2017";"0502";"Gjøvik";"uendret fra 2017 til 2018";"0502";"Gjøvik";"uendret fra 2018 til 2019";"3407";"Gjøvik";"kun endret nummer fra 2019 til 2020"
"0511";"Dovre";"0511";"Dovre";"uendret fra 2013 til 2017";"0511";"Dovre";"uendret fra 2017 til 2018";"0511";"Dovre";"uendret fra 2018 til 2019";"3431";"Dovre";"kun endret nummer fra 2019 til 2020"
"0512";"Lesja";"0512";"Lesja";"uendret fra 2013 til 2017";"0512";"Lesja";"uendret fra 2017 til 2018";"0512";"Lesja";"uendret fra 2018 til 2019";"3432";"Lesja";"kun endret nummer fra 2019 til 2020"
"0513";"Skjåk";"0513";"Skjåk";"uendret fra 2013 til 2017";"0513";"Skjåk";"uendret fra 2017 til 2018";"0513";"Skjåk";"uendret fra 2018 til 2019";"3433";"Skjåk";"kun endret nummer fra 2019 til 2020"
"0514";"Lom";"0514";"Lom";"uendret fra 2013 til 2017";"0514";"Lom";"uendret fra 2017 til 2018";"0514";"Lom";"uendret fra 2018 til 2019";"3434";"Lom";"kun endret nummer fra 2019 til 2020"
"0515";"Vågå";"0515";"Vågå";"uendret fra 2013 til 2017";"0515";"Vågå";"uendret fra 2017 til 2018";"0515";"Vågå";"uendret fra 2018 til 2019";"3435";"Vågå";"kun endret nummer fra 2019 til 2020"
"0516";"Nord-Fron";"0516";"Nord-Fron";"uendret fra 2013 til 2017";"0516";"Nord-Fron";"uendret fra 2017 til 2018";"0516";"Nord-Fron";"uendret fra 2018 til 2019";"3436";"Nord-Fron";"kun endret nummer fra 2019 til 2020"
"0517";"Sel";"0517";"Sel";"uendret fra 2013 til 2017";"0517";"Sel";"uendret fra 2017 til 2018";"0517";"Sel";"uendret fra 2018 til 2019";"3437";"Sel";"kun endret nummer fra 2019 til 2020"
"0519";"Sør-Fron";"0519";"Sør-Fron";"uendret fra 2013 til 2017";"0519";"Sør-Fron";"uendret fra 2017 til 2018";"0519";"Sør-Fron";"uendret fra 2018 til 2019";"3438";"Sør-Fron";"kun endret nummer fra 2019 til 2020"
"0520";"Ringebu";"0520";"Ringebu";"uendret fra 2013 til 2017";"0520";"Ringebu";"uendret fra 2017 til 2018";"0520";"Ringebu";"uendret fra 2018 til 2019";"3439";"Ringebu";"kun endret nummer fra 2019 til 2020"
"0521";"Øyer";"0521";"Øyer";"uendret fra 2013 til 2017";"0521";"Øyer";"uendret fra 2017 til 2018";"0521";"Øyer";"uendret fra 2018 til 2019";"3440";"Øyer";"kun endret nummer fra 2019 til 2020"
"0522";"Gausdal";"0522";"Gausdal";"uendret fra 2013 til 2017";"0522";"Gausdal";"uendret fra 2017 til 2018";"0522";"Gausdal";"uendret fra 2018 til 2019";"3441";"Gausdal";"kun endret nummer fra 2019 til 2020"
"0528";"Østre Toten";"0528";"Østre Toten";"uendret fra 2013 til 2017";"0528";"Østre Toten";"uendret fra 2017 til 2018";"0528";"Østre Toten";"uendret fra 2018 til 2019";"3442";"Østre Toten";"kun endret nummer fra 2019 til 2020"
"0529";"Vestre Toten";"0529";"Vestre Toten";"uendret fra 2013 til 2017";"0529";"Vestre Toten";"uendret fra 2017 til 2018";"0529";"Vestre Toten";"uendret fra 2018 til 2019";"3443";"Vestre Toten";"kun endret nummer fra 2019 til 2020"
"0532";"Jevnaker";"0532";"Jevnaker";"uendret fra 2013 til 2017";"0532";"Jevnaker";"uendret fra 2017 til 2018";"0532";"Jevnaker";"uendret fra 2018 til 2019";"3053";"Jevnaker";"kun endret nummer fra 2019 til 2020"
"0533";"Lunner";"0533";"Lunner";"uendret fra 2013 til 2017";"0533";"Lunner";"uendret fra 2017 til 2018";"0533";"Lunner";"uendret fra 2018 til 2019";"3054";"Lunner";"kun endret nummer fra 2019 til 2020"
"0534";"Gran";"0534";"Gran";"uendret fra 2013 til 2017";"0534";"Gran";"uendret fra 2017 til 2018";"0534";"Gran";"uendret fra 2018 til 2019";"3446";"Gran";"kun endret nummer fra 2019 til 2020"
"0536";"Søndre Land";"0536";"Søndre Land";"uendret fra 2013 til 2017";"0536";"Søndre Land";"uendret fra 2017 til 2018";"0536";"Søndre Land";"uendret fra 2018 til 2019";"3447";"Søndre Land";"kun endret nummer fra 2019 til 2020"
"0538";"Nordre Land";"0538";"Nordre Land";"uendret fra 2013 til 2017";"0538";"Nordre Land";"uendret fra 2017 til 2018";"0538";"Nordre Land";"uendret fra 2018 til 2019";"3448";"Nordre Land";"kun endret nummer fra 2019 til 2020"
"0540";"Sør-Aurdal";"0540";"Sør-Aurdal";"uendret fra 2013 til 2017";"0540";"Sør-Aurdal";"uendret fra 2017 til 2018";"0540";"Sør-Aurdal";"uendret fra 2018 til 2019";"3449";"Sør-Aurdal";"kun endret nummer fra 2019 til 2020"
"0541";"Etnedal";"0541";"Etnedal";"uendret fra 2013 til 2017";"0541";"Etnedal";"uendret fra 2017 til 2018";"0541";"Etnedal";"uendret fra 2018 til 2019";"3450";"Etnedal";"kun endret nummer fra 2019 til 2020"
"0542";"Nord-Aurdal";"0542";"Nord-Aurdal";"uendret fra 2013 til 2017";"0542";"Nord-Aurdal";"uendret fra 2017 til 2018";"0542";"Nord-Aurdal";"uendret fra 2018 til 2019";"3451";"Nord-Aurdal";"kun endret nummer fra 2019 til 2020"
"0543";"Vestre Slidre";"0543";"Vestre Slidre";"uendret fra 2013 til 2017";"0543";"Vestre Slidre";"uendret fra 2017 til 2018";"0543";"Vestre Slidre";"uendret fra 2018 til 2019";"3452";"Vestre Slidre";"kun endret nummer fra 2019 til 2020"
"0544";"Øystre Slidre";"0544";"Øystre Slidre";"uendret fra 2013 til 2017";"0544";"Øystre Slidre";"uendret fra 2017 til 2018";"0544";"Øystre Slidre";"uendret fra 2018 til 2019";"3453";"Øystre Slidre";"kun endret nummer fra 2019 til 2020"
"0545";"Vang";"0545";"Vang";"uendret fra 2013 til 2017";"0545";"Vang";"uendret fra 2017 til 2018";"0545";"Vang";"uendret fra 2018 til 2019";"3454";"Vang";"kun endret nummer fra 2019 til 2020"
"0602";"Drammen";"0602";"Drammen";"uendret fra 2013 til 2017";"0602";"Drammen";"uendret fra 2017 til 2018";"0602";"Drammen";"uendret fra 2018 til 2019";"3005";"Drammen";"slått sammen fra 2019 til 2020"
"0604";"Kongsberg";"0604";"Kongsberg";"uendret fra 2013 til 2017";"0604";"Kongsberg";"uendret fra 2017 til 2018";"0604";"Kongsberg";"uendret fra 2018 til 2019";"3006";"Kongsberg";"kun endret nummer fra 2019 til 2020"
"0605";"Ringerike";"0605";"Ringerike";"uendret fra 2013 til 2017";"0605";"Ringerike";"uendret fra 2017 til 2018";"0605";"Ringerike";"uendret fra 2018 til 2019";"3007";"Ringerike";"kun endret nummer fra 2019 til 2020"
"0612";"Hole";"0612";"Hole";"uendret fra 2013 til 2017";"0612";"Hole";"uendret fra 2017 til 2018";"0612";"Hole";"uendret fra 2018 til 2019";"3038";"Hole";"kun endret nummer fra 2019 til 2020"
"0615";"Flå";"0615";"Flå";"uendret fra 2013 til 2017";"0615";"Flå";"uendret fra 2017 til 2018";"0615";"Flå";"uendret fra 2018 til 2019";"3039";"Flå";"kun endret nummer fra 2019 til 2020"
"0616";"Nes";"0616";"Nes";"uendret fra 2013 til 2017";"0616";"Nes";"uendret fra 2017 til 2018";"0616";"Nes";"uendret fra 2018 til 2019";"3040";"Nesbyen";"kun endret nummer fra 2019 til 2020"
"0617";"Gol";"0617";"Gol";"uendret fra 2013 til 2017";"0617";"Gol";"uendret fra 2017 til 2018";"0617";"Gol";"uendret fra 2018 til 2019";"3041";"Gol";"kun endret nummer fra 2019 til 2020"
"0618";"Hemsedal";"0618";"Hemsedal";"uendret fra 2013 til 2017";"0618";"Hemsedal";"uendret fra 2017 til 2018";"0618";"Hemsedal";"uendret fra 2018 til 2019";"3042";"Hemsedal";"kun endret nummer fra 2019 til 2020"
"0619";"Ål";"0619";"Ål";"uendret fra 2013 til 2017";"0619";"Ål";"uendret fra 2017 til 2018";"0619";"Ål";"uendret fra 2018 til 2019";"3043";"Ål";"kun endret nummer fra 2019 til 2020"
"0620";"Hol";"0620";"Hol";"uendret fra 2013 til 2017";"0620";"Hol";"uendret fra 2017 til 2018";"0620";"Hol";"uendret fra 2018 til 2019";"3044";"Hol";"kun endret nummer fra 2019 til 2020"
"0621";"Sigdal";"0621";"Sigdal";"uendret fra 2013 til 2017";"0621";"Sigdal";"uendret fra 2017 til 2018";"0621";"Sigdal";"uendret fra 2018 til 2019";"3045";"Sigdal";"kun endret nummer fra 2019 til 2020"
"0622";"Krødsherad";"0622";"Krødsherad";"uendret fra 2013 til 2017";"0622";"Krødsherad";"uendret fra 2017 til 2018";"0622";"Krødsherad";"uendret fra 2018 til 2019";"3046";"Krødsherad";"kun endret nummer fra 2019 til 2020"
"0623";"Modum";"0623";"Modum";"uendret fra 2013 til 2017";"0623";"Modum";"uendret fra 2017 til 2018";"0623";"Modum";"uendret fra 2018 til 2019";"3047";"Modum";"kun endret nummer fra 2019 til 2020"
"0624";"Øvre Eiker";"0624";"Øvre Eiker";"uendret fra 2013 til 2017";"0624";"Øvre Eiker";"uendret fra 2017 til 2018";"0624";"Øvre Eiker";"uendret fra 2018 til 2019";"3048";"Øvre Eiker";"kun endret nummer fra 2019 til 2020"
"0625";"Nedre Eiker";"0625";"Nedre Eiker";"uendret fra 2013 til 2017";"0625";"Nedre Eiker";"uendret fra 2017 til 2018";"0625";"Nedre Eiker";"uendret fra 2018 til 2019";"3005";"Drammen";"slått sammen fra 2019 til 2020"
"0626";"Lier";"0626";"Lier";"uendret fra 2013 til 2017";"0626";"Lier";"uendret fra 2017 til 2018";"0626";"Lier";"uendret fra 2018 til 2019";"3049";"Lier";"kun endret nummer fra 2019 til 2020"
"0627";"Røyken";"0627";"Røyken";"uendret fra 2013 til 2017";"0627";"Røyken";"uendret fra 2017 til 2018";"0627";"Røyken";"uendret fra 2018 til 2019";"3025";"Asker";"slått sammen fra 2019 til 2020"
"0628";"Hurum";"0628";"Hurum";"uendret fra 2013 til 2017";"0628";"Hurum";"uendret fra 2017 til 2018";"0628";"Hurum";"uendret fra 2018 til 2019";"3025";"Asker";"slått sammen fra 2019 til 2020"
"0631";"Flesberg";"0631";"Flesberg";"uendret fra 2013 til 2017";"0631";"Flesberg";"uendret fra 2017 til 2018";"0631";"Flesberg";"uendret fra 2018 til 2019";"3050";"Flesberg";"kun endret nummer fra 2019 til 2020"
"0632";"Rollag";"0632";"Rollag";"uendret fra 2013 til 2017";"0632";"Rollag";"uendret fra 2017 til 2018";"0632";"Rollag";"uendret fra 2018 til 2019";"3051";"Rollag";"kun endret nummer fra 2019 til 2020"
"0633";"Nore og Uvdal";"0633";"Nore og Uvdal";"uendret fra 2013 til 2017";"0633";"Nore og Uvdal";"uendret fra 2017 til 2018";"0633";"Nore og Uvdal";"uendret fra 2018 til 2019";"3052";"Nore og Uvdal";"kun endret nummer fra 2019 til 2020"
"0701";"Horten";"0701";"Horten";"uendret fra 2013 til 2017";"0701";"Horten";"uendret fra 2017 til 2018";"0701";"Horten";"uendret fra 2018 til 2019";"3801";"Horten";"kun endret nummer fra 2019 til 2020"
"0702";"Holmestrand";"0702";"Holmestrand";"uendret fra 2013 til 2017";"0715";"Holmestrand";"slått sammen fra 2017 til 2018";"0715";"Holmestrand";"uendret fra 2018 til 2019";"3802";"Holmestrand";"slått sammen fra 2019 til 2020"
"0704";"Tønsberg";"0704";"Tønsberg";"uendret fra 2013 til 2017";"0704";"Tønsberg";"uendret fra 2017 til 2018";"0704";"Tønsberg";"uendret fra 2018 til 2019";"3803";"Tønsberg";"slått sammen fra 2019 til 2020"
"0706";"Sandefjord";"0710";"Sandefjord";"slått sammen fra 2013 til 2017";"0710";"Sandefjord";"uendret fra 2017 til 2018";"0710";"Sandefjord";"uendret fra 2018 til 2019";"3804";"Sandefjord";"kun endret nummer fra 2019 til 2020"
"0709";"Larvik";"0709";"Larvik";"uendret fra 2013 til 2017";"0712";"Larvik";"slått sammen fra 2017 til 2018";"0712";"Larvik";"uendret fra 2018 til 2019";"3805";"Larvik";"kun endret nummer fra 2019 til 2020"
"0711";"Svelvik";"0711";"Svelvik";"uendret fra 2013 til 2017";"0711";"Svelvik";"uendret fra 2017 til 2018";"0711";"Svelvik";"uendret fra 2018 til 2019";"3005";"Drammen";"slått sammen fra 2019 til 2020"
"0713";"Sande";"0713";"Sande";"uendret fra 2013 til 2017";"0713";"Sande";"uendret fra 2017 til 2018";"0713";"Sande";"uendret fra 2018 til 2019";"3802";"Holmestrand";"slått sammen fra 2019 til 2020"
"0714";"Hof";"0714";"Hof";"uendret fra 2013 til 2017";"0715";"Holmestrand";"slått sammen fra 2017 til 2018";"0715";"Holmestrand";"uendret fra 2018 til 2019";"3802";"Holmestrand";"slått sammen fra 2019 til 2020"
"0716";"Re";"0716";"Re";"uendret fra 2013 til 2017";"0716";"Re";"uendret fra 2017 til 2018";"0716";"Re";"uendret fra 2018 til 2019";"3803";"Tønsberg";"slått sammen fra 2019 til 2020"
"0719";"Andebu";"0710";"Sandefjord";"slått sammen fra 2013 til 2017";"0710";"Sandefjord";"uendret fra 2017 til 2018";"0710";"Sandefjord";"uendret fra 2018 til 2019";"3804";"Sandefjord";"kun endret nummer fra 2019 til 2020"
"0720";"Stokke";"0710";"Sandefjord";"slått sammen fra 2013 til 2017";"0710";"Sandefjord";"uendret fra 2017 til 2018";"0710";"Sandefjord";"uendret fra 2018 til 2019";"3804";"Sandefjord";"kun endret nummer fra 2019 til 2020"
"0722";"Nøtterøy";"0722";"Nøtterøy";"uendret fra 2013 til 2017";"0729";"Færder";"slått sammen fra 2017 til 2018";"0729";"Færder";"uendret fra 2018 til 2019";"3811";"Færder";"kun endret nummer fra 2019 til 2020"
"0723";"Tjøme";"0723";"Tjøme";"uendret fra 2013 til 2017";"0729";"Færder";"slått sammen fra 2017 til 2018";"0729";"Færder";"uendret fra 2018 til 2019";"3811";"Færder";"kun endret nummer fra 2019 til 2020"
"0728";"Lardal";"0728";"Lardal";"uendret fra 2013 til 2017";"0712";"Larvik";"slått sammen fra 2017 til 2018";"0712";"Larvik";"uendret fra 2018 til 2019";"3805";"Larvik";"kun endret nummer fra 2019 til 2020"
"0805";"Porsgrunn";"0805";"Porsgrunn";"uendret fra 2013 til 2017";"0805";"Porsgrunn";"uendret fra 2017 til 2018";"0805";"Porsgrunn";"uendret fra 2018 til 2019";"3806";"Porsgrunn";"kun endret nummer fra 2019 til 2020"
"0806";"Skien";"0806";"Skien";"uendret fra 2013 til 2017";"0806";"Skien";"uendret fra 2017 til 2018";"0806";"Skien";"uendret fra 2018 til 2019";"3807";"Skien";"kun endret nummer fra 2019 til 2020"
"0807";"Notodden";"0807";"Notodden";"uendret fra 2013 til 2017";"0807";"Notodden";"uendret fra 2017 til 2018";"0807";"Notodden";"uendret fra 2018 til 2019";"3808";"Notodden";"kun endret nummer fra 2019 til 2020"
"0811";"Siljan";"0811";"Siljan";"uendret fra 2013 til 2017";"0811";"Siljan";"uendret fra 2017 til 2018";"0811";"Siljan";"uendret fra 2018 til 2019";"3812";"Siljan";"kun endret nummer fra 2019 til 2020"
"0814";"Bamble";"0814";"Bamble";"uendret fra 2013 til 2017";"0814";"Bamble";"uendret fra 2017 til 2018";"0814";"Bamble";"uendret fra 2018 til 2019";"3813";"Bamble";"kun endret nummer fra 2019 til 2020"
"0815";"Kragerø";"0815";"Kragerø";"uendret fra 2013 til 2017";"0815";"Kragerø";"uendret fra 2017 til 2018";"0815";"Kragerø";"uendret fra 2018 til 2019";"3814";"Kragerø";"kun endret nummer fra 2019 til 2020"
"0817";"Drangedal";"0817";"Drangedal";"uendret fra 2013 til 2017";"0817";"Drangedal";"uendret fra 2017 til 2018";"0817";"Drangedal";"uendret fra 2018 til 2019";"3815";"Drangedal";"kun endret nummer fra 2019 til 2020"
"0819";"Nome";"0819";"Nome";"uendret fra 2013 til 2017";"0819";"Nome";"uendret fra 2017 til 2018";"0819";"Nome";"uendret fra 2018 til 2019";"3816";"Nome";"kun endret nummer fra 2019 til 2020"
"0821";"Bø";"0821";"Bø";"uendret fra 2013 til 2017";"0821";"Bø";"uendret fra 2017 til 2018";"0821";"Bø";"uendret fra 2018 til 2019";"3817";"Midt-Telemark";"slått sammen fra 2019 til 2020"
"0822";"Sauherad";"0822";"Sauherad";"uendret fra 2013 til 2017";"0822";"Sauherad";"uendret fra 2017 til 2018";"0822";"Sauherad";"uendret fra 2018 til 2019";"3817";"Midt-Telemark";"slått sammen fra 2019 til 2020"
"0826";"Tinn";"0826";"Tinn";"uendret fra 2013 til 2017";"0826";"Tinn";"uendret fra 2017 til 2018";"0826";"Tinn";"uendret fra 2018 til 2019";"3818";"Tinn";"kun endret nummer fra 2019 til 2020"
"0827";"Hjartdal";"0827";"Hjartdal";"uendret fra 2013 til 2017";"0827";"Hjartdal";"uendret fra 2017 til 2018";"0827";"Hjartdal";"uendret fra 2018 til 2019";"3819";"Hjartdal";"kun endret nummer fra 2019 til 2020"
"0828";"Seljord";"0828";"Seljord";"uendret fra 2013 til 2017";"0828";"Seljord";"uendret fra 2017 til 2018";"0828";"Seljord";"uendret fra 2018 til 2019";"3820";"Seljord";"kun endret nummer fra 2019 til 2020"
"0829";"Kviteseid";"0829";"Kviteseid";"uendret fra 2013 til 2017";"0829";"Kviteseid";"uendret fra 2017 til 2018";"0829";"Kviteseid";"uendret fra 2018 til 2019";"3821";"Kviteseid";"kun endret nummer fra 2019 til 2020"
"0830";"Nissedal";"0830";"Nissedal";"uendret fra 2013 til 2017";"0830";"Nissedal";"uendret fra 2017 til 2018";"0830";"Nissedal";"uendret fra 2018 til 2019";"3822";"Nissedal";"kun endret nummer fra 2019 til 2020"
"0831";"Fyresdal";"0831";"Fyresdal";"uendret fra 2013 til 2017";"0831";"Fyresdal";"uendret fra 2017 til 2018";"0831";"Fyresdal";"uendret fra 2018 til 2019";"3823";"Fyresdal";"kun endret nummer fra 2019 til 2020"
"0833";"Tokke";"0833";"Tokke";"uendret fra 2013 til 2017";"0833";"Tokke";"uendret fra 2017 til 2018";"0833";"Tokke";"uendret fra 2018 til 2019";"3824";"Tokke";"kun endret nummer fra 2019 til 2020"
"0834";"Vinje";"0834";"Vinje";"uendret fra 2013 til 2017";"0834";"Vinje";"uendret fra 2017 til 2018";"0834";"Vinje";"uendret fra 2018 til 2019";"3825";"Vinje";"kun endret nummer fra 2019 til 2020"
"0901";"Risør";"0901";"Risør";"uendret fra 2013 til 2017";"0901";"Risør";"uendret fra 2017 til 2018";"0901";"Risør";"uendret fra 2018 til 2019";"4201";"Risør";"kun endret nummer fra 2019 til 2020"
"0904";"Grimstad";"0904";"Grimstad";"uendret fra 2013 til 2017";"0904";"Grimstad";"uendret fra 2017 til 2018";"0904";"Grimstad";"uendret fra 2018 til 2019";"4202";"Grimstad";"kun endret nummer fra 2019 til 2020"
"0906";"Arendal";"0906";"Arendal";"uendret fra 2013 til 2017";"0906";"Arendal";"uendret fra 2017 til 2018";"0906";"Arendal";"uendret fra 2018 til 2019";"4203";"Arendal";"kun endret nummer fra 2019 til 2020"
"0911";"Gjerstad";"0911";"Gjerstad";"uendret fra 2013 til 2017";"0911";"Gjerstad";"uendret fra 2017 til 2018";"0911";"Gjerstad";"uendret fra 2018 til 2019";"4211";"Gjerstad";"kun endret nummer fra 2019 til 2020"
"0912";"Vegårshei";"0912";"Vegårshei";"uendret fra 2013 til 2017";"0912";"Vegårshei";"uendret fra 2017 til 2018";"0912";"Vegårshei";"uendret fra 2018 til 2019";"4212";"Vegårshei";"kun endret nummer fra 2019 til 2020"
"0914";"Tvedestrand";"0914";"Tvedestrand";"uendret fra 2013 til 2017";"0914";"Tvedestrand";"uendret fra 2017 til 2018";"0914";"Tvedestrand";"uendret fra 2018 til 2019";"4213";"Tvedestrand";"kun endret nummer fra 2019 til 2020"
"0919";"Froland";"0919";"Froland";"uendret fra 2013 til 2017";"0919";"Froland";"uendret fra 2017 til 2018";"0919";"Froland";"uendret fra 2018 til 2019";"4214";"Froland";"kun endret nummer fra 2019 til 2020"
"0926";"Lillesand";"0926";"Lillesand";"uendret fra 2013 til 2017";"0926";"Lillesand";"uendret fra 2017 til 2018";"0926";"Lillesand";"uendret fra 2018 til 2019";"4215";"Lillesand";"kun endret nummer fra 2019 til 2020"
"0928";"Birkenes";"0928";"Birkenes";"uendret fra 2013 til 2017";"0928";"Birkenes";"uendret fra 2017 til 2018";"0928";"Birkenes";"uendret fra 2018 til 2019";"4216";"Birkenes";"kun endret nummer fra 2019 til 2020"
"0929";"Åmli";"0929";"Åmli";"uendret fra 2013 til 2017";"0929";"Åmli";"uendret fra 2017 til 2018";"0929";"Åmli";"uendret fra 2018 til 2019";"4217";"Åmli";"kun endret nummer fra 2019 til 2020"
"0935";"Iveland";"0935";"Iveland";"uendret fra 2013 til 2017";"0935";"Iveland";"uendret fra 2017 til 2018";"0935";"Iveland";"uendret fra 2018 til 2019";"4218";"Iveland";"kun endret nummer fra 2019 til 2020"
"0937";"Evje og Hornnes";"0937";"Evje og Hornnes";"uendret fra 2013 til 2017";"0937";"Evje og Hornnes";"uendret fra 2017 til 2018";"0937";"Evje og Hornnes";"uendret fra 2018 til 2019";"4219";"Evje og Hornnes";"kun endret nummer fra 2019 til 2020"
"0938";"Bygland";"0938";"Bygland";"uendret fra 2013 til 2017";"0938";"Bygland";"uendret fra 2017 til 2018";"0938";"Bygland";"uendret fra 2018 til 2019";"4220";"Bygland";"kun endret nummer fra 2019 til 2020"
"0940";"Valle";"0940";"Valle";"uendret fra 2013 til 2017";"0940";"Valle";"uendret fra 2017 til 2018";"0940";"Valle";"uendret fra 2018 til 2019";"4221";"Valle";"kun endret nummer fra 2019 til 2020"
"0941";"Bykle";"0941";"Bykle";"uendret fra 2013 til 2017";"0941";"Bykle";"uendret fra 2017 til 2018";"0941";"Bykle";"uendret fra 2018 til 2019";"4222";"Bykle";"kun endret nummer fra 2019 til 2020"
"1001";"Kristiansand";"1001";"Kristiansand";"uendret fra 2013 til 2017";"1001";"Kristiansand";"uendret fra 2017 til 2018";"1001";"Kristiansand";"uendret fra 2018 til 2019";"4204";"Kristiansand";"slått sammen fra 2019 til 2020"
"1002";"Mandal";"1002";"Mandal";"uendret fra 2013 til 2017";"1002";"Mandal";"uendret fra 2017 til 2018";"1002";"Mandal";"uendret fra 2018 til 2019";"4205";"Lindesnes";"slått sammen fra 2019 til 2020"
"1003";"Farsund";"1003";"Farsund";"uendret fra 2013 til 2017";"1003";"Farsund";"uendret fra 2017 til 2018";"1003";"Farsund";"uendret fra 2018 til 2019";"4206";"Farsund";"kun endret nummer fra 2019 til 2020"
"1004";"Flekkefjord";"1004";"Flekkefjord";"uendret fra 2013 til 2017";"1004";"Flekkefjord";"uendret fra 2017 til 2018";"1004";"Flekkefjord";"uendret fra 2018 til 2019";"4207";"Flekkefjord";"kun endret nummer fra 2019 til 2020"
"1014";"Vennesla";"1014";"Vennesla";"uendret fra 2013 til 2017";"1014";"Vennesla";"uendret fra 2017 til 2018";"1014";"Vennesla";"uendret fra 2018 til 2019";"4223";"Vennesla";"kun endret nummer fra 2019 til 2020"
"1017";"Songdalen";"1017";"Songdalen";"uendret fra 2013 til 2017";"1017";"Songdalen";"uendret fra 2017 til 2018";"1017";"Songdalen";"uendret fra 2018 til 2019";"4204";"Kristiansand";"slått sammen fra 2019 til 2020"
"1018";"Søgne";"1018";"Søgne";"uendret fra 2013 til 2017";"1018";"Søgne";"uendret fra 2017 til 2018";"1018";"Søgne";"uendret fra 2018 til 2019";"4204";"Kristiansand";"slått sammen fra 2019 til 2020"
"1021";"Marnardal";"1021";"Marnardal";"uendret fra 2013 til 2017";"1021";"Marnardal";"uendret fra 2017 til 2018";"1021";"Marnardal";"uendret fra 2018 til 2019";"4205";"Lindesnes";"slått sammen fra 2019 til 2020"
"1026";"Åseral";"1026";"Åseral";"uendret fra 2013 til 2017";"1026";"Åseral";"uendret fra 2017 til 2018";"1026";"Åseral";"uendret fra 2018 til 2019";"4224";"Åseral";"kun endret nummer fra 2019 til 2020"
"1027";"Audnedal";"1027";"Audnedal";"uendret fra 2013 til 2017";"1027";"Audnedal";"uendret fra 2017 til 2018";"1027";"Audnedal";"uendret fra 2018 til 2019";"4225";"Lyngdal";"slått sammen fra 2019 til 2020"
"1029";"Lindesnes";"1029";"Lindesnes";"uendret fra 2013 til 2017";"1029";"Lindesnes";"uendret fra 2017 til 2018";"1029";"Lindesnes";"uendret fra 2018 til 2019";"4205";"Lindesnes";"slått sammen fra 2019 til 2020"
"1032";"Lyngdal";"1032";"Lyngdal";"uendret fra 2013 til 2017";"1032";"Lyngdal";"uendret fra 2017 til 2018";"1032";"Lyngdal";"uendret fra 2018 til 2019";"4225";"Lyngdal";"slått sammen fra 2019 til 2020"
"1034";"Hægebostad";"1034";"Hægebostad";"uendret fra 2013 til 2017";"1034";"Hægebostad";"uendret fra 2017 til 2018";"1034";"Hægebostad";"uendret fra 2018 til 2019";"4226";"Hægebostad";"kun endret nummer fra 2019 til 2020"
"1037";"Kvinesdal";"1037";"Kvinesdal";"uendret fra 2013 til 2017";"1037";"Kvinesdal";"uendret fra 2017 til 2018";"1037";"Kvinesdal";"uendret fra 2018 til 2019";"4227";"Kvinesdal";"kun endret nummer fra 2019 til 2020"
"1046";"Sirdal";"1046";"Sirdal";"uendret fra 2013 til 2017";"1046";"Sirdal";"uendret fra 2017 til 2018";"1046";"Sirdal";"uendret fra 2018 til 2019";"4228";"Sirdal";"kun endret nummer fra 2019 til 2020"
"1101";"Eigersund";"1101";"Eigersund";"uendret fra 2013 til 2017";"1101";"Eigersund";"uendret fra 2017 til 2018";"1101";"Eigersund";"uendret fra 2018 til 2019";"1101";"Eigersund";"uendret fra 2019 til 2020"
"1102";"Sandnes";"1102";"Sandnes";"uendret fra 2013 til 2017";"1102";"Sandnes";"uendret fra 2017 til 2018";"1102";"Sandnes";"uendret fra 2018 til 2019";"1108";"Sandnes";"slått sammen fra 2019 til 2020"
"1103";"Stavanger";"1103";"Stavanger";"uendret fra 2013 til 2017";"1103";"Stavanger";"uendret fra 2017 til 2018";"1103";"Stavanger";"uendret fra 2018 til 2019";"1103";"Stavanger";"slått sammen fra 2019 til 2020"
"1106";"Haugesund";"1106";"Haugesund";"uendret fra 2013 til 2017";"1106";"Haugesund";"uendret fra 2017 til 2018";"1106";"Haugesund";"uendret fra 2018 til 2019";"1106";"Haugesund";"uendret fra 2019 til 2020"
"1111";"Sokndal";"1111";"Sokndal";"uendret fra 2013 til 2017";"1111";"Sokndal";"uendret fra 2017 til 2018";"1111";"Sokndal";"uendret fra 2018 til 2019";"1111";"Sokndal";"uendret fra 2019 til 2020"
"1112";"Lund";"1112";"Lund";"uendret fra 2013 til 2017";"1112";"Lund";"uendret fra 2017 til 2018";"1112";"Lund";"uendret fra 2018 til 2019";"1112";"Lund";"uendret fra 2019 til 2020"
"1114";"Bjerkreim";"1114";"Bjerkreim";"uendret fra 2013 til 2017";"1114";"Bjerkreim";"uendret fra 2017 til 2018";"1114";"Bjerkreim";"uendret fra 2018 til 2019";"1114";"Bjerkreim";"uendret fra 2019 til 2020"
"1119";"Hå";"1119";"Hå";"uendret fra 2013 til 2017";"1119";"Hå";"uendret fra 2017 til 2018";"1119";"Hå";"uendret fra 2018 til 2019";"1119";"Hå";"uendret fra 2019 til 2020"
"1120";"Klepp";"1120";"Klepp";"uendret fra 2013 til 2017";"1120";"Klepp";"uendret fra 2017 til 2018";"1120";"Klepp";"uendret fra 2018 til 2019";"1120";"Klepp";"uendret fra 2019 til 2020"
"1121";"Time";"1121";"Time";"uendret fra 2013 til 2017";"1121";"Time";"uendret fra 2017 til 2018";"1121";"Time";"uendret fra 2018 til 2019";"1121";"Time";"uendret fra 2019 til 2020"
"1122";"Gjesdal";"1122";"Gjesdal";"uendret fra 2013 til 2017";"1122";"Gjesdal";"uendret fra 2017 til 2018";"1122";"Gjesdal";"uendret fra 2018 til 2019";"1122";"Gjesdal";"uendret fra 2019 til 2020"
"1124";"Sola";"1124";"Sola";"uendret fra 2013 til 2017";"1124";"Sola";"uendret fra 2017 til 2018";"1124";"Sola";"uendret fra 2018 til 2019";"1124";"Sola";"uendret fra 2019 til 2020"
"1127";"Randaberg";"1127";"Randaberg";"uendret fra 2013 til 2017";"1127";"Randaberg";"uendret fra 2017 til 2018";"1127";"Randaberg";"uendret fra 2018 til 2019";"1127";"Randaberg";"uendret fra 2019 til 2020"
"1129";"Forsand";"1129";"Forsand";"uendret fra 2013 til 2017";"1129";"Forsand";"uendret fra 2017 til 2018";"1129";"Forsand";"uendret fra 2018 til 2019";"1108";"Sandnes";"slått sammen fra 2019 til 2020"
"1130";"Strand";"1130";"Strand";"uendret fra 2013 til 2017";"1130";"Strand";"uendret fra 2017 til 2018";"1130";"Strand";"uendret fra 2018 til 2019";"1130";"Strand";"uendret fra 2019 til 2020"
"1133";"Hjelmeland";"1133";"Hjelmeland";"uendret fra 2013 til 2017";"1133";"Hjelmeland";"uendret fra 2017 til 2018";"1133";"Hjelmeland";"uendret fra 2018 til 2019";"1133";"Hjelmeland";"uendret fra 2019 til 2020"
"1134";"Suldal";"1134";"Suldal";"uendret fra 2013 til 2017";"1134";"Suldal";"uendret fra 2017 til 2018";"1134";"Suldal";"uendret fra 2018 til 2019";"1134";"Suldal";"uendret fra 2019 til 2020"
"1135";"Sauda";"1135";"Sauda";"uendret fra 2013 til 2017";"1135";"Sauda";"uendret fra 2017 til 2018";"1135";"Sauda";"uendret fra 2018 til 2019";"1135";"Sauda";"uendret fra 2019 til 2020"
"1141";"Finnøy";"1141";"Finnøy";"uendret fra 2013 til 2017";"1141";"Finnøy";"uendret fra 2017 til 2018";"1141";"Finnøy";"uendret fra 2018 til 2019";"1103";"Stavanger";"slått sammen fra 2019 til 2020"
"1142";"Rennesøy";"1142";"Rennesøy";"uendret fra 2013 til 2017";"1142";"Rennesøy";"uendret fra 2017 til 2018";"1142";"Rennesøy";"uendret fra 2018 til 2019";"1103";"Stavanger";"slått sammen fra 2019 til 2020"
"1144";"Kvitsøy";"1144";"Kvitsøy";"uendret fra 2013 til 2017";"1144";"Kvitsøy";"uendret fra 2017 til 2018";"1144";"Kvitsøy";"uendret fra 2018 til 2019";"1144";"Kvitsøy";"uendret fra 2019 til 2020"
"1145";"Bokn";"1145";"Bokn";"uendret fra 2013 til 2017";"1145";"Bokn";"uendret fra 2017 til 2018";"1145";"Bokn";"uendret fra 2018 til 2019";"1145";"Bokn";"uendret fra 2019 til 2020"
"1146";"Tysvær";"1146";"Tysvær";"uendret fra 2013 til 2017";"1146";"Tysvær";"uendret fra 2017 til 2018";"1146";"Tysvær";"uendret fra 2018 til 2019";"1146";"Tysvær";"uendret fra 2019 til 2020"
"1149";"Karmøy";"1149";"Karmøy";"uendret fra 2013 til 2017";"1149";"Karmøy";"uendret fra 2017 til 2018";"1149";"Karmøy";"uendret fra 2018 til 2019";"1149";"Karmøy";"uendret fra 2019 til 2020"
"1151";"Utsira";"1151";"Utsira";"uendret fra 2013 til 2017";"1151";"Utsira";"uendret fra 2017 til 2018";"1151";"Utsira";"uendret fra 2018 til 2019";"1151";"Utsira";"uendret fra 2019 til 2020"
"1160";"Vindafjord";"1160";"Vindafjord";"uendret fra 2013 til 2017";"1160";"Vindafjord";"uendret fra 2017 til 2018";"1160";"Vindafjord";"uendret fra 2018 til 2019";"1160";"Vindafjord";"uendret fra 2019 til 2020"
"1201";"Bergen";"1201";"Bergen";"uendret fra 2013 til 2017";"1201";"Bergen";"uendret fra 2017 til 2018";"1201";"Bergen";"uendret fra 2018 til 2019";"4601";"Bergen";"kun endret nummer fra 2019 til 2020"
"1211";"Etne";"1211";"Etne";"uendret fra 2013 til 2017";"1211";"Etne";"uendret fra 2017 til 2018";"1211";"Etne";"uendret fra 2018 til 2019";"4611";"Etne";"kun endret nummer fra 2019 til 2020"
"1216";"Sveio";"1216";"Sveio";"uendret fra 2013 til 2017";"1216";"Sveio";"uendret fra 2017 til 2018";"1216";"Sveio";"uendret fra 2018 til 2019";"4612";"Sveio";"kun endret nummer fra 2019 til 2020"
"1219";"Bømlo";"1219";"Bømlo";"uendret fra 2013 til 2017";"1219";"Bømlo";"uendret fra 2017 til 2018";"1219";"Bømlo";"uendret fra 2018 til 2019";"4613";"Bømlo";"kun endret nummer fra 2019 til 2020"
"1221";"Stord";"1221";"Stord";"uendret fra 2013 til 2017";"1221";"Stord";"uendret fra 2017 til 2018";"1221";"Stord";"uendret fra 2018 til 2019";"4614";"Stord";"kun endret nummer fra 2019 til 2020"
"1222";"Fitjar";"1222";"Fitjar";"uendret fra 2013 til 2017";"1222";"Fitjar";"uendret fra 2017 til 2018";"1222";"Fitjar";"uendret fra 2018 til 2019";"4615";"Fitjar";"kun endret nummer fra 2019 til 2020"
"1223";"Tysnes";"1223";"Tysnes";"uendret fra 2013 til 2017";"1223";"Tysnes";"uendret fra 2017 til 2018";"1223";"Tysnes";"uendret fra 2018 til 2019";"4616";"Tysnes";"kun endret nummer fra 2019 til 2020"
"1224";"Kvinnherad";"1224";"Kvinnherad";"uendret fra 2013 til 2017";"1224";"Kvinnherad";"uendret fra 2017 til 2018";"1224";"Kvinnherad";"uendret fra 2018 til 2019";"4617";"Kvinnherad";"kun endret nummer fra 2019 til 2020"
"1227";"Jondal";"1227";"Jondal";"uendret fra 2013 til 2017";"1227";"Jondal";"uendret fra 2017 til 2018";"1227";"Jondal";"uendret fra 2018 til 2019";"4618";"Ullensvang";"slått sammen fra 2019 til 2020"
"1228";"Odda";"1228";"Odda";"uendret fra 2013 til 2017";"1228";"Odda";"uendret fra 2017 til 2018";"1228";"Odda";"uendret fra 2018 til 2019";"4618";"Ullensvang";"slått sammen fra 2019 til 2020"
"1231";"Ullensvang";"1231";"Ullensvang";"uendret fra 2013 til 2017";"1231";"Ullensvang";"uendret fra 2017 til 2018";"1231";"Ullensvang";"uendret fra 2018 til 2019";"4618";"Ullensvang";"slått sammen fra 2019 til 2020"
"1232";"Eidfjord";"1232";"Eidfjord";"uendret fra 2013 til 2017";"1232";"Eidfjord";"uendret fra 2017 til 2018";"1232";"Eidfjord";"uendret fra 2018 til 2019";"4619";"Eidfjord";"kun endret nummer fra 2019 til 2020"
"1233";"Ulvik";"1233";"Ulvik";"uendret fra 2013 til 2017";"1233";"Ulvik";"uendret fra 2017 til 2018";"1233";"Ulvik";"uendret fra 2018 til 2019";"4620";"Ulvik";"kun endret nummer fra 2019 til 2020"
"1234";"Granvin";"1234";"Granvin";"uendret fra 2013 til 2017";"1234";"Granvin";"uendret fra 2017 til 2018";"1234";"Granvin";"uendret fra 2018 til 2019";"4621";"Voss";"slått sammen fra 2019 til 2020"
"1235";"Voss";"1235";"Voss";"uendret fra 2013 til 2017";"1235";"Voss";"uendret fra 2017 til 2018";"1235";"Voss";"uendret fra 2018 til 2019";"4621";"Voss";"slått sammen fra 2019 til 2020"
"1238";"Kvam";"1238";"Kvam";"uendret fra 2013 til 2017";"1238";"Kvam";"uendret fra 2017 til 2018";"1238";"Kvam";"uendret fra 2018 til 2019";"4622";"Kvam";"kun endret nummer fra 2019 til 2020"
"1241";"Fusa";"1241";"Fusa";"uendret fra 2013 til 2017";"1241";"Fusa";"uendret fra 2017 til 2018";"1241";"Fusa";"uendret fra 2018 til 2019";"4624";"Bjørnafjorden";"slått sammen fra 2019 til 2020"
"1242";"Samnanger";"1242";"Samnanger";"uendret fra 2013 til 2017";"1242";"Samnanger";"uendret fra 2017 til 2018";"1242";"Samnanger";"uendret fra 2018 til 2019";"4623";"Samnanger";"kun endret nummer fra 2019 til 2020"
"1243";"Os";"1243";"Os";"uendret fra 2013 til 2017";"1243";"Os";"uendret fra 2017 til 2018";"1243";"Os";"uendret fra 2018 til 2019";"4624";"Bjørnafjorden";"slått sammen fra 2019 til 2020"
"1244";"Austevoll";"1244";"Austevoll";"uendret fra 2013 til 2017";"1244";"Austevoll";"uendret fra 2017 til 2018";"1244";"Austevoll";"uendret fra 2018 til 2019";"4625";"Austevoll";"kun endret nummer fra 2019 til 2020"
"1245";"Sund";"1245";"Sund";"uendret fra 2013 til 2017";"1245";"Sund";"uendret fra 2017 til 2018";"1245";"Sund";"uendret fra 2018 til 2019";"4626";"Øygarden";"slått sammen fra 2019 til 2020"
"1246";"Fjell";"1246";"Fjell";"uendret fra 2013 til 2017";"1246";"Fjell";"uendret fra 2017 til 2018";"1246";"Fjell";"uendret fra 2018 til 2019";"4626";"Øygarden";"slått sammen fra 2019 til 2020"
"1247";"Askøy";"1247";"Askøy";"uendret fra 2013 til 2017";"1247";"Askøy";"uendret fra 2017 til 2018";"1247";"Askøy";"uendret fra 2018 til 2019";"4627";"Askøy";"kun endret nummer fra 2019 til 2020"
"1251";"Vaksdal";"1251";"Vaksdal";"uendret fra 2013 til 2017";"1251";"Vaksdal";"uendret fra 2017 til 2018";"1251";"Vaksdal";"uendret fra 2018 til 2019";"4628";"Vaksdal";"kun endret nummer fra 2019 til 2020"
"1252";"Modalen";"1252";"Modalen";"uendret fra 2013 til 2017";"1252";"Modalen";"uendret fra 2017 til 2018";"1252";"Modalen";"uendret fra 2018 til 2019";"4629";"Modalen";"kun endret nummer fra 2019 til 2020"
"1253";"Osterøy";"1253";"Osterøy";"uendret fra 2013 til 2017";"1253";"Osterøy";"uendret fra 2017 til 2018";"1253";"Osterøy";"uendret fra 2018 til 2019";"4630";"Osterøy";"kun endret nummer fra 2019 til 2020"
"1256";"Meland";"1256";"Meland";"uendret fra 2013 til 2017";"1256";"Meland";"uendret fra 2017 til 2018";"1256";"Meland";"uendret fra 2018 til 2019";"4631";"Alver";"slått sammen fra 2019 til 2020"
"1259";"Øygarden";"1259";"Øygarden";"uendret fra 2013 til 2017";"1259";"Øygarden";"uendret fra 2017 til 2018";"1259";"Øygarden";"uendret fra 2018 til 2019";"4626";"Øygarden";"slått sammen fra 2019 til 2020"
"1260";"Radøy";"1260";"Radøy";"uendret fra 2013 til 2017";"1260";"Radøy";"uendret fra 2017 til 2018";"1260";"Radøy";"uendret fra 2018 til 2019";"4631";"Alver";"slått sammen fra 2019 til 2020"
"1263";"Lindås";"1263";"Lindås";"uendret fra 2013 til 2017";"1263";"Lindås";"uendret fra 2017 til 2018";"1263";"Lindås";"uendret fra 2018 til 2019";"4631";"Alver";"slått sammen fra 2019 til 2020"
"1264";"Austrheim";"1264";"Austrheim";"uendret fra 2013 til 2017";"1264";"Austrheim";"uendret fra 2017 til 2018";"1264";"Austrheim";"uendret fra 2018 til 2019";"4632";"Austrheim";"kun endret nummer fra 2019 til 2020"
"1265";"Fedje";"1265";"Fedje";"uendret fra 2013 til 2017";"1265";"Fedje";"uendret fra 2017 til 2018";"1265";"Fedje";"uendret fra 2018 til 2019";"4633";"Fedje";"kun endret nummer fra 2019 til 2020"
"1266";"Masfjorden";"1266";"Masfjorden";"uendret fra 2013 til 2017";"1266";"Masfjorden";"uendret fra 2017 til 2018";"1266";"Masfjorden";"uendret fra 2018 til 2019";"4634";"Masfjorden";"kun endret nummer fra 2019 til 2020"
"1401";"Flora";"1401";"Flora";"uendret fra 2013 til 2017";"1401";"Flora";"uendret fra 2017 til 2018";"1401";"Flora";"uendret fra 2018 til 2019";"4602";"Kinn";"slått sammen fra 2019 til 2020"
"1411";"Gulen";"1411";"Gulen";"uendret fra 2013 til 2017";"1411";"Gulen";"uendret fra 2017 til 2018";"1411";"Gulen";"uendret fra 2018 til 2019";"4635";"Gulen";"kun endret nummer fra 2019 til 2020"
"1412";"Solund";"1412";"Solund";"uendret fra 2013 til 2017";"1412";"Solund";"uendret fra 2017 til 2018";"1412";"Solund";"uendret fra 2018 til 2019";"4636";"Solund";"kun endret nummer fra 2019 til 2020"
"1413";"Hyllestad";"1413";"Hyllestad";"uendret fra 2013 til 2017";"1413";"Hyllestad";"uendret fra 2017 til 2018";"1413";"Hyllestad";"uendret fra 2018 til 2019";"4637";"Hyllestad";"kun endret nummer fra 2019 til 2020"
"1416";"Høyanger";"1416";"Høyanger";"uendret fra 2013 til 2017";"1416";"Høyanger";"uendret fra 2017 til 2018";"1416";"Høyanger";"uendret fra 2018 til 2019";"4638";"Høyanger";"kun endret nummer fra 2019 til 2020"
"1417";"Vik";"1417";"Vik";"uendret fra 2013 til 2017";"1417";"Vik";"uendret fra 2017 til 2018";"1417";"Vik";"uendret fra 2018 til 2019";"4639";"Vik";"kun endret nummer fra 2019 til 2020"
"1418";"Balestrand";"1418";"Balestrand";"uendret fra 2013 til 2017";"1418";"Balestrand";"uendret fra 2017 til 2018";"1418";"Balestrand";"uendret fra 2018 til 2019";"4640";"Sogndal";"slått sammen fra 2019 til 2020"
"1419";"Leikanger";"1419";"Leikanger";"uendret fra 2013 til 2017";"1419";"Leikanger";"uendret fra 2017 til 2018";"1419";"Leikanger";"uendret fra 2018 til 2019";"4640";"Sogndal";"slått sammen fra 2019 til 2020"
"1420";"Sogndal";"1420";"Sogndal";"uendret fra 2013 til 2017";"1420";"Sogndal";"uendret fra 2017 til 2018";"1420";"Sogndal";"uendret fra 2018 til 2019";"4640";"Sogndal";"slått sammen fra 2019 til 2020"
"1421";"Aurland";"1421";"Aurland";"uendret fra 2013 til 2017";"1421";"Aurland";"uendret fra 2017 til 2018";"1421";"Aurland";"uendret fra 2018 til 2019";"4641";"Aurland";"kun endret nummer fra 2019 til 2020"
"1422";"Lærdal";"1422";"Lærdal";"uendret fra 2013 til 2017";"1422";"Lærdal";"uendret fra 2017 til 2018";"1422";"Lærdal";"uendret fra 2018 til 2019";"4642";"Lærdal";"kun endret nummer fra 2019 til 2020"
"1424";"Årdal";"1424";"Årdal";"uendret fra 2013 til 2017";"1424";"Årdal";"uendret fra 2017 til 2018";"1424";"Årdal";"uendret fra 2018 til 2019";"4643";"Årdal";"kun endret nummer fra 2019 til 2020"
"1426";"Luster";"1426";"Luster";"uendret fra 2013 til 2017";"1426";"Luster";"uendret fra 2017 til 2018";"1426";"Luster";"uendret fra 2018 til 2019";"4644";"Luster";"kun endret nummer fra 2019 til 2020"
"1428";"Askvoll";"1428";"Askvoll";"uendret fra 2013 til 2017";"1428";"Askvoll";"uendret fra 2017 til 2018";"1428";"Askvoll";"uendret fra 2018 til 2019";"4645";"Askvoll";"kun endret nummer fra 2019 til 2020"
"1429";"Fjaler";"1429";"Fjaler";"uendret fra 2013 til 2017";"1429";"Fjaler";"uendret fra 2017 til 2018";"1429";"Fjaler";"uendret fra 2018 til 2019";"4646";"Fjaler";"kun endret nummer fra 2019 til 2020"
"1430";"Gaular";"1430";"Gaular";"uendret fra 2013 til 2017";"1430";"Gaular";"uendret fra 2017 til 2018";"1430";"Gaular";"uendret fra 2018 til 2019";"4647";"Sunnfjord";"slått sammen fra 2019 til 2020"
"1431";"Jølster";"1431";"Jølster";"uendret fra 2013 til 2017";"1431";"Jølster";"uendret fra 2017 til 2018";"1431";"Jølster";"uendret fra 2018 til 2019";"4647";"Sunnfjord";"slått sammen fra 2019 til 2020"
"1432";"Førde";"1432";"Førde";"uendret fra 2013 til 2017";"1432";"Førde";"uendret fra 2017 til 2018";"1432";"Førde";"uendret fra 2018 til 2019";"4647";"Sunnfjord";"slått sammen fra 2019 til 2020"
"1433";"Naustdal";"1433";"Naustdal";"uendret fra 2013 til 2017";"1433";"Naustdal";"uendret fra 2017 til 2018";"1433";"Naustdal";"uendret fra 2018 til 2019";"4647";"Sunnfjord";"slått sammen fra 2019 til 2020"
"1438";"Bremanger";"1438";"Bremanger";"uendret fra 2013 til 2017";"1438";"Bremanger";"uendret fra 2017 til 2018";"1438";"Bremanger";"uendret fra 2018 til 2019";"4648";"Bremanger";"kun endret nummer fra 2019 til 2020"
"1439";"Vågsøy";"1439";"Vågsøy";"uendret fra 2013 til 2017";"1439";"Vågsøy";"uendret fra 2017 til 2018";"1439";"Vågsøy";"uendret fra 2018 til 2019";"4602";"Kinn";"slått sammen fra 2019 til 2020"
"1441";"Selje";"1441";"Selje";"uendret fra 2013 til 2017";"1441";"Selje";"uendret fra 2017 til 2018";"1441";"Selje";"uendret fra 2018 til 2019";"4649";"Stad";"slått sammen fra 2019 til 2020"
"1443";"Eid";"1443";"Eid";"uendret fra 2013 til 2017";"1443";"Eid";"uendret fra 2017 til 2018";"1443";"Eid";"uendret fra 2018 til 2019";"4649";"Stad";"slått sammen fra 2019 til 2020"
"1444";"Hornindal";"1444";"Hornindal";"uendret fra 2013 til 2017";"1444";"Hornindal";"uendret fra 2017 til 2018";"1444";"Hornindal";"uendret fra 2018 til 2019";"1577";"Volda";"slått sammen fra 2019 til 2020"
"1445";"Gloppen";"1445";"Gloppen";"uendret fra 2013 til 2017";"1445";"Gloppen";"uendret fra 2017 til 2018";"1445";"Gloppen";"uendret fra 2018 til 2019";"4650";"Gloppen";"kun endret nummer fra 2019 til 2020"
"1449";"Stryn";"1449";"Stryn";"uendret fra 2013 til 2017";"1449";"Stryn";"uendret fra 2017 til 2018";"1449";"Stryn";"uendret fra 2018 til 2019";"4651";"Stryn";"kun endret nummer fra 2019 til 2020"
"1502";"Molde";"1502";"Molde";"uendret fra 2013 til 2017";"1502";"Molde";"uendret fra 2017 til 2018";"1502";"Molde";"uendret fra 2018 til 2019";"1506";"Molde";"slått sammen fra 2019 til 2020"
"1504";"Ålesund";"1504";"Ålesund";"uendret fra 2013 til 2017";"1504";"Ålesund";"uendret fra 2017 til 2018";"1504";"Ålesund";"uendret fra 2018 til 2019";"1507";"Ålesund";"slått sammen fra 2019 til 2020"
"1505";"Kristiansund";"1505";"Kristiansund";"uendret fra 2013 til 2017";"1505";"Kristiansund";"uendret fra 2017 til 2018";"1505";"Kristiansund";"uendret fra 2018 til 2019";"1505";"Kristiansund";"uendret fra 2019 til 2020"
"1511";"Vanylven";"1511";"Vanylven";"uendret fra 2013 til 2017";"1511";"Vanylven";"uendret fra 2017 til 2018";"1511";"Vanylven";"uendret fra 2018 til 2019";"1511";"Vanylven";"uendret fra 2019 til 2020"
"1514";"Sande";"1514";"Sande";"uendret fra 2013 til 2017";"1514";"Sande";"uendret fra 2017 til 2018";"1514";"Sande";"uendret fra 2018 til 2019";"1514";"Sande";"uendret fra 2019 til 2020"
"1515";"Herøy";"1515";"Herøy";"uendret fra 2013 til 2017";"1515";"Herøy";"uendret fra 2017 til 2018";"1515";"Herøy";"uendret fra 2018 til 2019";"1515";"Herøy (Møre og Romsdal)";"uendret fra 2019 til 2020"
"1516";"Ulstein";"1516";"Ulstein";"uendret fra 2013 til 2017";"1516";"Ulstein";"uendret fra 2017 til 2018";"1516";"Ulstein";"uendret fra 2018 til 2019";"1516";"Ulstein";"uendret fra 2019 til 2020"
"1517";"Hareid";"1517";"Hareid";"uendret fra 2013 til 2017";"1517";"Hareid";"uendret fra 2017 til 2018";"1517";"Hareid";"uendret fra 2018 til 2019";"1517";"Hareid";"uendret fra 2019 til 2020"
"1519";"Volda";"1519";"Volda";"uendret fra 2013 til 2017";"1519";"Volda";"uendret fra 2017 til 2018";"1519";"Volda";"uendret fra 2018 til 2019";"1577";"Volda";"slått sammen fra 2019 til 2020"
"1520";"Ørsta";"1520";"Ørsta";"uendret fra 2013 til 2017";"1520";"Ørsta";"uendret fra 2017 til 2018";"1520";"Ørsta";"uendret fra 2018 til 2019";"1520";"Ørsta";"uendret fra 2019 til 2020"
"1523";"Ørskog";"1523";"Ørskog";"uendret fra 2013 til 2017";"1523";"Ørskog";"uendret fra 2017 til 2018";"1523";"Ørskog";"uendret fra 2018 til 2019";"1507";"Ålesund";"slått sammen fra 2019 til 2020"
"1524";"Norddal";"1524";"Norddal";"uendret fra 2013 til 2017";"1524";"Norddal";"uendret fra 2017 til 2018";"1524";"Norddal";"uendret fra 2018 til 2019";"1578";"Fjord";"slått sammen fra 2019 til 2020"
"1525";"Stranda";"1525";"Stranda";"uendret fra 2013 til 2017";"1525";"Stranda";"uendret fra 2017 til 2018";"1525";"Stranda";"uendret fra 2018 til 2019";"1525";"Stranda";"uendret fra 2019 til 2020"
"1526";"Stordal";"1526";"Stordal";"uendret fra 2013 til 2017";"1526";"Stordal";"uendret fra 2017 til 2018";"1526";"Stordal";"uendret fra 2018 til 2019";"1578";"Fjord";"slått sammen fra 2019 til 2020"
"1528";"Sykkylven";"1528";"Sykkylven";"uendret fra 2013 til 2017";"1528";"Sykkylven";"uendret fra 2017 til 2018";"1528";"Sykkylven";"uendret fra 2018 til 2019";"1528";"Sykkylven";"uendret fra 2019 til 2020"
"1529";"Skodje";"1529";"Skodje";"uendret fra 2013 til 2017";"1529";"Skodje";"uendret fra 2017 til 2018";"1529";"Skodje";"uendret fra 2018 til 2019";"1507";"Ålesund";"slått sammen fra 2019 til 2020"
"1531";"Sula";"1531";"Sula";"uendret fra 2013 til 2017";"1531";"Sula";"uendret fra 2017 til 2018";"1531";"Sula";"uendret fra 2018 til 2019";"1531";"Sula";"uendret fra 2019 til 2020"
"1532";"Giske";"1532";"Giske";"uendret fra 2013 til 2017";"1532";"Giske";"uendret fra 2017 til 2018";"1532";"Giske";"uendret fra 2018 til 2019";"1532";"Giske";"uendret fra 2019 til 2020"
"1534";"Haram";"1534";"Haram";"uendret fra 2013 til 2017";"1534";"Haram";"uendret fra 2017 til 2018";"1534";"Haram";"uendret fra 2018 til 2019";"1507";"Ålesund";"slått sammen fra 2019 til 2020"
"1535";"Vestnes";"1535";"Vestnes";"uendret fra 2013 til 2017";"1535";"Vestnes";"uendret fra 2017 til 2018";"1535";"Vestnes";"uendret fra 2018 til 2019";"1535";"Vestnes";"uendret fra 2019 til 2020"
"1539";"Rauma";"1539";"Rauma";"uendret fra 2013 til 2017";"1539";"Rauma";"uendret fra 2017 til 2018";"1539";"Rauma";"uendret fra 2018 til 2019";"1539";"Rauma";"uendret fra 2019 til 2020"
"1543";"Nesset";"1543";"Nesset";"uendret fra 2013 til 2017";"1543";"Nesset";"uendret fra 2017 til 2018";"1543";"Nesset";"uendret fra 2018 til 2019";"1506";"Molde";"slått sammen fra 2019 til 2020"
"1545";"Midsund";"1545";"Midsund";"uendret fra 2013 til 2017";"1545";"Midsund";"uendret fra 2017 til 2018";"1545";"Midsund";"uendret fra 2018 til 2019";"1506";"Molde";"slått sammen fra 2019 til 2020"
"1546";"Sandøy";"1546";"Sandøy";"uendret fra 2013 til 2017";"1546";"Sandøy";"uendret fra 2017 til 2018";"1546";"Sandøy";"uendret fra 2018 til 2019";"1507";"Ålesund";"slått sammen fra 2019 til 2020"
"1547";"Aukra";"1547";"Aukra";"uendret fra 2013 til 2017";"1547";"Aukra";"uendret fra 2017 til 2018";"1547";"Aukra";"uendret fra 2018 til 2019";"1547";"Aukra";"uendret fra 2019 til 2020"
"1548";"Fræna";"1548";"Fræna";"uendret fra 2013 til 2017";"1548";"Fræna";"uendret fra 2017 til 2018";"1548";"Fræna";"uendret fra 2018 til 2019";"1579";"Hustadvika";"slått sammen fra 2019 til 2020"
"1551";"Eide";"1551";"Eide";"uendret fra 2013 til 2017";"1551";"Eide";"uendret fra 2017 til 2018";"1551";"Eide";"uendret fra 2018 til 2019";"1579";"Hustadvika";"slått sammen fra 2019 til 2020"
"1554";"Averøy";"1554";"Averøy";"uendret fra 2013 til 2017";"1554";"Averøy";"uendret fra 2017 til 2018";"1554";"Averøy";"uendret fra 2018 til 2019";"1554";"Averøy";"uendret fra 2019 til 2020"
"1557";"Gjemnes";"1557";"Gjemnes";"uendret fra 2013 til 2017";"1557";"Gjemnes";"uendret fra 2017 til 2018";"1557";"Gjemnes";"uendret fra 2018 til 2019";"1557";"Gjemnes";"uendret fra 2019 til 2020"
"1560";"Tingvoll";"1560";"Tingvoll";"uendret fra 2013 til 2017";"1560";"Tingvoll";"uendret fra 2017 til 2018";"1560";"Tingvoll";"uendret fra 2018 til 2019";"1560";"Tingvoll";"uendret fra 2019 til 2020"
"1563";"Sunndal";"1563";"Sunndal";"uendret fra 2013 til 2017";"1563";"Sunndal";"uendret fra 2017 til 2018";"1563";"Sunndal";"uendret fra 2018 til 2019";"1563";"Sunndal";"uendret fra 2019 til 2020"
"1566";"Surnadal";"1566";"Surnadal";"uendret fra 2013 til 2017";"1566";"Surnadal";"uendret fra 2017 til 2018";"1566";"Surnadal";"uendret fra 2018 til 2019";"1566";"Surnadal";"uendret fra 2019 til 2020"
"1567";"Rindal";"1567";"Rindal";"uendret fra 2013 til 2017";"1567";"Rindal";"uendret fra 2017 til 2018";"5061";"Rindal";"kun endret nummer fra 2018 til 2019";"5061";"Rindal";"uendret fra 2019 til 2020"
"1571";"Halsa";"1571";"Halsa";"uendret fra 2013 til 2017";"1571";"Halsa";"uendret fra 2017 til 2018";"1571";"Halsa";"uendret fra 2018 til 2019";"5055";"Heim";"slått sammen fra 2019 til 2020"
"1573";"Smøla";"1573";"Smøla";"uendret fra 2013 til 2017";"1573";"Smøla";"uendret fra 2017 til 2018";"1573";"Smøla";"uendret fra 2018 til 2019";"1573";"Smøla";"uendret fra 2019 til 2020"
"1576";"Aure";"1576";"Aure";"uendret fra 2013 til 2017";"1576";"Aure";"uendret fra 2017 til 2018";"1576";"Aure";"uendret fra 2018 til 2019";"1576";"Aure";"uendret fra 2019 til 2020"
"1601";"Trondheim";"1601";"Trondheim";"uendret fra 2013 til 2017";"5001";"Trondheim";"kun endret nummer fra 2017 til 2018";"5001";"Trondheim";"uendret fra 2018 til 2019";"5001";"Trondheim";"slått sammen fra 2019 til 2020"
"1612";"Hemne";"1612";"Hemne";"uendret fra 2013 til 2017";"5011";"Hemne";"kun endret nummer fra 2017 til 2018";"5011";"Hemne";"uendret fra 2018 til 2019";"5055";"Heim";"slått sammen fra 2019 til 2020"
"1613";"Snillfjord";"1613";"Snillfjord";"uendret fra 2013 til 2017";"5012";"Snillfjord";"kun endret nummer fra 2017 til 2018";"5012";"Snillfjord";"uendret fra 2018 til 2019";"5055";"Heim";"slått sammen fra 2019 til 2020 - splittet fra 2019 til 2020"
"1613";"Snillfjord";"1613";"Snillfjord";"uendret fra 2013 til 2017";"5012";"Snillfjord";"kun endret nummer fra 2017 til 2018";"5012";"Snillfjord";"uendret fra 2018 til 2019";"5056";"Hitra";"slått sammen fra 2019 til 2020 - splittet fra 2019 til 2020"
"1613";"Snillfjord";"1613";"Snillfjord";"uendret fra 2013 til 2017";"5012";"Snillfjord";"kun endret nummer fra 2017 til 2018";"5012";"Snillfjord";"uendret fra 2018 til 2019";"5059";"Orkland";"slått sammen fra 2019 til 2020 - splittet fra 2019 til 2020"
"1617";"Hitra";"1617";"Hitra";"uendret fra 2013 til 2017";"5013";"Hitra";"kun endret nummer fra 2017 til 2018";"5013";"Hitra";"uendret fra 2018 til 2019";"5056";"Hitra";"slått sammen fra 2019 til 2020"
"1620";"Frøya";"1620";"Frøya";"uendret fra 2013 til 2017";"5014";"Frøya";"kun endret nummer fra 2017 til 2018";"5014";"Frøya";"uendret fra 2018 til 2019";"5014";"Frøya";"uendret fra 2019 til 2020"
"1621";"Ørland";"1621";"Ørland";"uendret fra 2013 til 2017";"5015";"Ørland";"kun endret nummer fra 2017 til 2018";"5015";"Ørland";"uendret fra 2018 til 2019";"5057";"Ørland";"slått sammen fra 2019 til 2020"
"1622";"Agdenes";"1622";"Agdenes";"uendret fra 2013 til 2017";"5016";"Agdenes";"kun endret nummer fra 2017 til 2018";"5016";"Agdenes";"uendret fra 2018 til 2019";"5059";"Orkland";"slått sammen fra 2019 til 2020"
"1624";"Rissa";"1624";"Rissa";"uendret fra 2013 til 2017";"5054";"Indre Fosen";"slått sammen fra 2017 til 2018";"5054";"Indre Fosen";"uendret fra 2018 til 2019";"5054";"Indre Fosen";"uendret fra 2019 til 2020"
"1627";"Bjugn";"1627";"Bjugn";"uendret fra 2013 til 2017";"5017";"Bjugn";"kun endret nummer fra 2017 til 2018";"5017";"Bjugn";"uendret fra 2018 til 2019";"5057";"Ørland";"slått sammen fra 2019 til 2020"
"1630";"Åfjord";"1630";"Åfjord";"uendret fra 2013 til 2017";"5018";"Åfjord";"kun endret nummer fra 2017 til 2018";"5018";"Åfjord";"uendret fra 2018 til 2019";"5058";"Åfjord";"slått sammen fra 2019 til 2020"
"1632";"Roan";"1632";"Roan";"uendret fra 2013 til 2017";"5019";"Roan";"kun endret nummer fra 2017 til 2018";"5019";"Roan";"uendret fra 2018 til 2019";"5058";"Åfjord";"slått sammen fra 2019 til 2020"
"1633";"Osen";"1633";"Osen";"uendret fra 2013 til 2017";"5020";"Osen";"kun endret nummer fra 2017 til 2018";"5020";"Osen";"uendret fra 2018 til 2019";"5020";"Osen";"uendret fra 2019 til 2020"
"1634";"Oppdal";"1634";"Oppdal";"uendret fra 2013 til 2017";"5021";"Oppdal";"kun endret nummer fra 2017 til 2018";"5021";"Oppdal";"uendret fra 2018 til 2019";"5021";"Oppdal";"uendret fra 2019 til 2020"
"1635";"Rennebu";"1635";"Rennebu";"uendret fra 2013 til 2017";"5022";"Rennebu";"kun endret nummer fra 2017 til 2018";"5022";"Rennebu";"uendret fra 2018 til 2019";"5022";"Rennebu";"uendret fra 2019 til 2020"
"1636";"Meldal";"1636";"Meldal";"uendret fra 2013 til 2017";"5023";"Meldal";"kun endret nummer fra 2017 til 2018";"5023";"Meldal";"uendret fra 2018 til 2019";"5059";"Orkland";"slått sammen fra 2019 til 2020"
"1638";"Orkdal";"1638";"Orkdal";"uendret fra 2013 til 2017";"5024";"Orkdal";"kun endret nummer fra 2017 til 2018";"5024";"Orkdal";"uendret fra 2018 til 2019";"5059";"Orkland";"slått sammen fra 2019 til 2020"
"1640";"Røros";"1640";"Røros";"uendret fra 2013 til 2017";"5025";"Røros";"kun endret nummer fra 2017 til 2018";"5025";"Røros";"uendret fra 2018 til 2019";"5025";"Røros";"uendret fra 2019 til 2020"
"1644";"Holtålen";"1644";"Holtålen";"uendret fra 2013 til 2017";"5026";"Holtålen";"kun endret nummer fra 2017 til 2018";"5026";"Holtålen";"uendret fra 2018 til 2019";"5026";"Holtålen";"uendret fra 2019 til 2020"
"1648";"Midtre Gauldal";"1648";"Midtre Gauldal";"uendret fra 2013 til 2017";"5027";"Midtre Gauldal";"kun endret nummer fra 2017 til 2018";"5027";"Midtre Gauldal";"uendret fra 2018 til 2019";"5027";"Midtre Gauldal";"uendret fra 2019 til 2020"
"1653";"Melhus";"1653";"Melhus";"uendret fra 2013 til 2017";"5028";"Melhus";"kun endret nummer fra 2017 til 2018";"5028";"Melhus";"uendret fra 2018 til 2019";"5028";"Melhus";"uendret fra 2019 til 2020"
"1657";"Skaun";"1657";"Skaun";"uendret fra 2013 til 2017";"5029";"Skaun";"kun endret nummer fra 2017 til 2018";"5029";"Skaun";"uendret fra 2018 til 2019";"5029";"Skaun";"uendret fra 2019 til 2020"
"1662";"Klæbu";"1662";"Klæbu";"uendret fra 2013 til 2017";"5030";"Klæbu";"kun endret nummer fra 2017 til 2018";"5030";"Klæbu";"uendret fra 2018 til 2019";"5001";"Trondheim";"slått sammen fra 2019 til 2020"
"1663";"Malvik";"1663";"Malvik";"uendret fra 2013 til 2017";"5031";"Malvik";"kun endret nummer fra 2017 til 2018";"5031";"Malvik";"uendret fra 2018 til 2019";"5031";"Malvik";"uendret fra 2019 til 2020"
"1664";"Selbu";"1664";"Selbu";"uendret fra 2013 til 2017";"5032";"Selbu";"kun endret nummer fra 2017 til 2018";"5032";"Selbu";"uendret fra 2018 til 2019";"5032";"Selbu";"uendret fra 2019 til 2020"
"1665";"Tydal";"1665";"Tydal";"uendret fra 2013 til 2017";"5033";"Tydal";"kun endret nummer fra 2017 til 2018";"5033";"Tydal";"uendret fra 2018 til 2019";"5033";"Tydal";"uendret fra 2019 til 2020"
"1702";"Steinkjer";"1702";"Steinkjer";"uendret fra 2013 til 2017";"5004";"Steinkjer";"kun endret nummer fra 2017 til 2018";"5004";"Steinkjer";"uendret fra 2018 til 2019";"5006";"Steinkjer";"slått sammen fra 2019 til 2020"
"1703";"Namsos";"1703";"Namsos";"uendret fra 2013 til 2017";"5005";"Namsos";"kun endret nummer fra 2017 til 2018";"5005";"Namsos - Nåavmesjenjaelmie";"uendret fra 2018 til 2019";"5007";"Namsos - Nåavmesjenjaelmie";"slått sammen fra 2019 til 2020"
"1711";"Meråker";"1711";"Meråker";"uendret fra 2013 til 2017";"5034";"Meråker";"kun endret nummer fra 2017 til 2018";"5034";"Meråker";"uendret fra 2018 til 2019";"5034";"Meråker";"uendret fra 2019 til 2020"
"1714";"Stjørdal";"1714";"Stjørdal";"uendret fra 2013 til 2017";"5035";"Stjørdal";"kun endret nummer fra 2017 til 2018";"5035";"Stjørdal";"uendret fra 2018 til 2019";"5035";"Stjørdal";"uendret fra 2019 til 2020"
"1717";"Frosta";"1717";"Frosta";"uendret fra 2013 til 2017";"5036";"Frosta";"kun endret nummer fra 2017 til 2018";"5036";"Frosta";"uendret fra 2018 til 2019";"5036";"Frosta";"uendret fra 2019 til 2020"
"1718";"Leksvik";"1718";"Leksvik";"uendret fra 2013 til 2017";"5054";"Indre Fosen";"slått sammen fra 2017 til 2018";"5054";"Indre Fosen";"uendret fra 2018 til 2019";"5054";"Indre Fosen";"uendret fra 2019 til 2020"
"1719";"Levanger";"1719";"Levanger";"uendret fra 2013 til 2017";"5037";"Levanger";"kun endret nummer fra 2017 til 2018";"5037";"Levanger";"uendret fra 2018 til 2019";"5037";"Levanger";"uendret fra 2019 til 2020"
"1721";"Verdal";"1721";"Verdal";"uendret fra 2013 til 2017";"5038";"Verdal";"kun endret nummer fra 2017 til 2018";"5038";"Verdal";"uendret fra 2018 til 2019";"5038";"Verdal";"uendret fra 2019 til 2020"
"1724";"Verran";"1724";"Verran";"uendret fra 2013 til 2017";"5039";"Verran";"kun endret nummer fra 2017 til 2018";"5039";"Verran";"uendret fra 2018 til 2019";"5006";"Steinkjer";"slått sammen fra 2019 til 2020"
"1725";"Namdalseid";"1725";"Namdalseid";"uendret fra 2013 til 2017";"5040";"Namdalseid";"kun endret nummer fra 2017 til 2018";"5040";"Namdalseid";"uendret fra 2018 til 2019";"5007";"Namsos - Nåavmesjenjaelmie";"slått sammen fra 2019 til 2020"
"1736";"Snåase - Snåsa";"1736";"Snåase - Snåsa";"uendret fra 2013 til 2017";"5041";"Snåase - Snåsa";"kun endret nummer fra 2017 til 2018";"5041";"Snåase - Snåsa";"uendret fra 2018 til 2019";"5041";"Snåase - Snåsa";"uendret fra 2019 til 2020"
"1738";"Lierne";"1738";"Lierne";"uendret fra 2013 til 2017";"5042";"Lierne";"kun endret nummer fra 2017 til 2018";"5042";"Lierne";"uendret fra 2018 til 2019";"5042";"Lierne";"uendret fra 2019 til 2020"
"1739";"Raarvihke - Røyrvik";"1739";"Raarvihke - Røyrvik";"uendret fra 2013 til 2017";"5043";"Raarvihke - Røyrvik";"kun endret nummer fra 2017 til 2018";"5043";"Raarvihke - Røyrvik";"uendret fra 2018 til 2019";"5043";"Raarvihke - Røyrvik";"uendret fra 2019 til 2020"
"1740";"Namsskogan";"1740";"Namsskogan";"uendret fra 2013 til 2017";"5044";"Namsskogan";"kun endret nummer fra 2017 til 2018";"5044";"Namsskogan";"uendret fra 2018 til 2019";"5044";"Namsskogan";"uendret fra 2019 til 2020"
"1742";"Grong";"1742";"Grong";"uendret fra 2013 til 2017";"5045";"Grong";"kun endret nummer fra 2017 til 2018";"5045";"Grong";"uendret fra 2018 til 2019";"5045";"Grong";"uendret fra 2019 til 2020"
"1743";"Høylandet";"1743";"Høylandet";"uendret fra 2013 til 2017";"5046";"Høylandet";"kun endret nummer fra 2017 til 2018";"5046";"Høylandet";"uendret fra 2018 til 2019";"5046";"Høylandet";"uendret fra 2019 til 2020"
"1744";"Overhalla";"1744";"Overhalla";"uendret fra 2013 til 2017";"5047";"Overhalla";"kun endret nummer fra 2017 til 2018";"5047";"Overhalla";"uendret fra 2018 til 2019";"5047";"Overhalla";"uendret fra 2019 til 2020"
"1748";"Fosnes";"1748";"Fosnes";"uendret fra 2013 til 2017";"5048";"Fosnes";"kun endret nummer fra 2017 til 2018";"5048";"Fosnes";"uendret fra 2018 til 2019";"5007";"Namsos - Nåavmesjenjaelmie";"slått sammen fra 2019 til 2020"
"1749";"Flatanger";"1749";"Flatanger";"uendret fra 2013 til 2017";"5049";"Flatanger";"kun endret nummer fra 2017 til 2018";"5049";"Flatanger";"uendret fra 2018 til 2019";"5049";"Flatanger";"uendret fra 2019 til 2020"
"1750";"Vikna";"1750";"Vikna";"uendret fra 2013 til 2017";"5050";"Vikna";"kun endret nummer fra 2017 til 2018";"5050";"Vikna";"uendret fra 2018 til 2019";"5060";"Nærøysund";"slått sammen fra 2019 til 2020"
"1751";"Nærøy";"1751";"Nærøy";"uendret fra 2013 til 2017";"5051";"Nærøy";"kun endret nummer fra 2017 til 2018";"5051";"Nærøy";"uendret fra 2018 til 2019";"5060";"Nærøysund";"slått sammen fra 2019 til 2020"
"1755";"Leka";"1755";"Leka";"uendret fra 2013 til 2017";"5052";"Leka";"kun endret nummer fra 2017 til 2018";"5052";"Leka";"uendret fra 2018 til 2019";"5052";"Leka";"uendret fra 2019 til 2020"
"1756";"Inderøy";"1756";"Inderøy";"uendret fra 2013 til 2017";"5053";"Inderøy";"kun endret nummer fra 2017 til 2018";"5053";"Inderøy";"uendret fra 2018 til 2019";"5053";"Inderøy";"uendret fra 2019 til 2020"
"1804";"Bodø";"1804";"Bodø";"uendret fra 2013 til 2017";"1804";"Bodø";"uendret fra 2017 til 2018";"1804";"Bodø";"uendret fra 2018 til 2019";"1804";"Bodø";"uendret fra 2019 til 2020"
"1805";"Narvik";"1805";"Narvik";"uendret fra 2013 til 2017";"1805";"Narvik";"uendret fra 2017 til 2018";"1805";"Narvik";"uendret fra 2018 til 2019";"1806";"Narvik";"slått sammen fra 2019 til 2020"
"1811";"Bindal";"1811";"Bindal";"uendret fra 2013 til 2017";"1811";"Bindal";"uendret fra 2017 til 2018";"1811";"Bindal";"uendret fra 2018 til 2019";"1811";"Bindal";"uendret fra 2019 til 2020"
"1812";"Sømna";"1812";"Sømna";"uendret fra 2013 til 2017";"1812";"Sømna";"uendret fra 2017 til 2018";"1812";"Sømna";"uendret fra 2018 til 2019";"1812";"Sømna";"uendret fra 2019 til 2020"
"1813";"Brønnøy";"1813";"Brønnøy";"uendret fra 2013 til 2017";"1813";"Brønnøy";"uendret fra 2017 til 2018";"1813";"Brønnøy";"uendret fra 2018 til 2019";"1813";"Brønnøy";"uendret fra 2019 til 2020"
"1815";"Vega";"1815";"Vega";"uendret fra 2013 til 2017";"1815";"Vega";"uendret fra 2017 til 2018";"1815";"Vega";"uendret fra 2018 til 2019";"1815";"Vega";"uendret fra 2019 til 2020"
"1816";"Vevelstad";"1816";"Vevelstad";"uendret fra 2013 til 2017";"1816";"Vevelstad";"uendret fra 2017 til 2018";"1816";"Vevelstad";"uendret fra 2018 til 2019";"1816";"Vevelstad";"uendret fra 2019 til 2020"
"1818";"Herøy";"1818";"Herøy";"uendret fra 2013 til 2017";"1818";"Herøy";"uendret fra 2017 til 2018";"1818";"Herøy";"uendret fra 2018 til 2019";"1818";"Herøy (Nordland)";"uendret fra 2019 til 2020"
"1820";"Alstahaug";"1820";"Alstahaug";"uendret fra 2013 til 2017";"1820";"Alstahaug";"uendret fra 2017 til 2018";"1820";"Alstahaug";"uendret fra 2018 til 2019";"1820";"Alstahaug";"uendret fra 2019 til 2020"
"1822";"Leirfjord";"1822";"Leirfjord";"uendret fra 2013 til 2017";"1822";"Leirfjord";"uendret fra 2017 til 2018";"1822";"Leirfjord";"uendret fra 2018 til 2019";"1822";"Leirfjord";"uendret fra 2019 til 2020"
"1824";"Vefsn";"1824";"Vefsn";"uendret fra 2013 til 2017";"1824";"Vefsn";"uendret fra 2017 til 2018";"1824";"Vefsn";"uendret fra 2018 til 2019";"1824";"Vefsn";"uendret fra 2019 til 2020"
"1825";"Grane";"1825";"Grane";"uendret fra 2013 til 2017";"1825";"Grane";"uendret fra 2017 til 2018";"1825";"Grane";"uendret fra 2018 til 2019";"1825";"Grane";"uendret fra 2019 til 2020"
"1826";"Hattfjelldal";"1826";"Hattfjelldal";"uendret fra 2013 til 2017";"1826";"Hattfjelldal";"uendret fra 2017 til 2018";"1826";"Hattfjelldal";"uendret fra 2018 til 2019";"1826";"Aarborte - Hattfjelldal";"uendret fra 2019 til 2020"
"1827";"Dønna";"1827";"Dønna";"uendret fra 2013 til 2017";"1827";"Dønna";"uendret fra 2017 til 2018";"1827";"Dønna";"uendret fra 2018 til 2019";"1827";"Dønna";"uendret fra 2019 til 2020"
"1828";"Nesna";"1828";"Nesna";"uendret fra 2013 til 2017";"1828";"Nesna";"uendret fra 2017 til 2018";"1828";"Nesna";"uendret fra 2018 til 2019";"1828";"Nesna";"uendret fra 2019 til 2020"
"1832";"Hemnes";"1832";"Hemnes";"uendret fra 2013 til 2017";"1832";"Hemnes";"uendret fra 2017 til 2018";"1832";"Hemnes";"uendret fra 2018 til 2019";"1832";"Hemnes";"uendret fra 2019 til 2020"
"1833";"Rana";"1833";"Rana";"uendret fra 2013 til 2017";"1833";"Rana";"uendret fra 2017 til 2018";"1833";"Rana";"uendret fra 2018 til 2019";"1833";"Rana";"uendret fra 2019 til 2020"
"1834";"Lurøy";"1834";"Lurøy";"uendret fra 2013 til 2017";"1834";"Lurøy";"uendret fra 2017 til 2018";"1834";"Lurøy";"uendret fra 2018 til 2019";"1834";"Lurøy";"uendret fra 2019 til 2020"
"1835";"Træna";"1835";"Træna";"uendret fra 2013 til 2017";"1835";"Træna";"uendret fra 2017 til 2018";"1835";"Træna";"uendret fra 2018 til 2019";"1835";"Træna";"uendret fra 2019 til 2020"
"1836";"Rødøy";"1836";"Rødøy";"uendret fra 2013 til 2017";"1836";"Rødøy";"uendret fra 2017 til 2018";"1836";"Rødøy";"uendret fra 2018 til 2019";"1836";"Rødøy";"uendret fra 2019 til 2020"
"1837";"Meløy";"1837";"Meløy";"uendret fra 2013 til 2017";"1837";"Meløy";"uendret fra 2017 til 2018";"1837";"Meløy";"uendret fra 2018 til 2019";"1837";"Meløy";"uendret fra 2019 til 2020"
"1838";"Gildeskål";"1838";"Gildeskål";"uendret fra 2013 til 2017";"1838";"Gildeskål";"uendret fra 2017 til 2018";"1838";"Gildeskål";"uendret fra 2018 til 2019";"1838";"Gildeskål";"uendret fra 2019 til 2020"
"1839";"Beiarn";"1839";"Beiarn";"uendret fra 2013 til 2017";"1839";"Beiarn";"uendret fra 2017 til 2018";"1839";"Beiarn";"uendret fra 2018 til 2019";"1839";"Beiarn";"uendret fra 2019 til 2020"
"1840";"Saltdal";"1840";"Saltdal";"uendret fra 2013 til 2017";"1840";"Saltdal";"uendret fra 2017 til 2018";"1840";"Saltdal";"uendret fra 2018 til 2019";"1840";"Saltdal";"uendret fra 2019 til 2020"
"1841";"Fauske";"1841";"Fauske - Fuossko";"uendret fra 2013 til 2017";"1841";"Fauske - Fuossko";"uendret fra 2017 til 2018";"1841";"Fauske - Fuossko";"uendret fra 2018 til 2019";"1841";"Fauske - Fuossko";"uendret fra 2019 til 2020"
"1845";"Sørfold";"1845";"Sørfold";"uendret fra 2013 til 2017";"1845";"Sørfold";"uendret fra 2017 til 2018";"1845";"Sørfold";"uendret fra 2018 til 2019";"1845";"Sørfold";"uendret fra 2019 til 2020"
"1848";"Steigen";"1848";"Steigen";"uendret fra 2013 til 2017";"1848";"Steigen";"uendret fra 2017 til 2018";"1848";"Steigen";"uendret fra 2018 til 2019";"1848";"Steigen";"uendret fra 2019 til 2020"
"1849";"Hábmer - Hamarøy";"1849";"Hábmer - Hamarøy";"uendret fra 2013 til 2017";"1849";"Hábmer - Hamarøy";"uendret fra 2017 til 2018";"1849";"Hábmer - Hamarøy";"uendret fra 2018 til 2019";"1875";"Hábmer - Hamarøy";"slått sammen fra 2019 til 2020"
"1850";"Tysfjord - Divtasvuodna";"1850";"Tysfjord - Divtasvuodna";"uendret fra 2013 til 2017";"1850";"Tysfjord - Divtasvuodna";"uendret fra 2017 til 2018";"1850";"Tysfjord - Divtasvuodna";"uendret fra 2018 til 2019";"1806";"Narvik";"slått sammen fra 2019 til 2020 - splittet fra 2019 til 2020"
"1850";"Tysfjord - Divtasvuodna";"1850";"Tysfjord - Divtasvuodna";"uendret fra 2013 til 2017";"1850";"Tysfjord - Divtasvuodna";"uendret fra 2017 til 2018";"1850";"Tysfjord - Divtasvuodna";"uendret fra 2018 til 2019";"1875";"Hábmer - Hamarøy";"slått sammen fra 2019 til 2020 - splittet fra 2019 til 2020"
"1851";"Lødingen";"1851";"Lødingen";"uendret fra 2013 til 2017";"1851";"Lødingen";"uendret fra 2017 til 2018";"1851";"Lødingen";"uendret fra 2018 til 2019";"1851";"Lødingen";"uendret fra 2019 til 2020"
"1852";"Tjeldsund";"1852";"Tjeldsund";"uendret fra 2013 til 2017";"1852";"Dielddanuorri - Tjeldsund";"uendret fra 2017 til 2018";"1852";"Dielddanuorri - Tjeldsund";"uendret fra 2018 til 2019";"5412";"Dielddanuorri - Tjeldsund";"slått sammen fra 2019 til 2020"
"1853";"Evenes";"1853";"Evenes";"uendret fra 2013 til 2017";"1853";"Evenes";"uendret fra 2017 til 2018";"1853";"Evenes";"uendret fra 2018 til 2019";"1853";"Evenes";"uendret fra 2019 til 2020"
"1854";"Ballangen";"1854";"Ballangen";"uendret fra 2013 til 2017";"1854";"Ballangen";"uendret fra 2017 til 2018";"1854";"Ballangen";"uendret fra 2018 til 2019";"1806";"Narvik";"slått sammen fra 2019 til 2020"
"1856";"Røst";"1856";"Røst";"uendret fra 2013 til 2017";"1856";"Røst";"uendret fra 2017 til 2018";"1856";"Røst";"uendret fra 2018 til 2019";"1856";"Røst";"uendret fra 2019 til 2020"
"1857";"Værøy";"1857";"Værøy";"uendret fra 2013 til 2017";"1857";"Værøy";"uendret fra 2017 til 2018";"1857";"Værøy";"uendret fra 2018 til 2019";"1857";"Værøy";"uendret fra 2019 til 2020"
"1859";"Flakstad";"1859";"Flakstad";"uendret fra 2013 til 2017";"1859";"Flakstad";"uendret fra 2017 til 2018";"1859";"Flakstad";"uendret fra 2018 til 2019";"1859";"Flakstad";"uendret fra 2019 til 2020"
"1860";"Vestvågøy";"1860";"Vestvågøy";"uendret fra 2013 til 2017";"1860";"Vestvågøy";"uendret fra 2017 til 2018";"1860";"Vestvågøy";"uendret fra 2018 til 2019";"1860";"Vestvågøy";"uendret fra 2019 til 2020"
"1865";"Vågan";"1865";"Vågan";"uendret fra 2013 til 2017";"1865";"Vågan";"uendret fra 2017 til 2018";"1865";"Vågan";"uendret fra 2018 til 2019";"1865";"Vågan";"uendret fra 2019 til 2020"
"1866";"Hadsel";"1866";"Hadsel";"uendret fra 2013 til 2017";"1866";"Hadsel";"uendret fra 2017 til 2018";"1866";"Hadsel";"uendret fra 2018 til 2019";"1866";"Hadsel";"uendret fra 2019 til 2020"
"1867";"Bø";"1867";"Bø";"uendret fra 2013 til 2017";"1867";"Bø";"uendret fra 2017 til 2018";"1867";"Bø";"uendret fra 2018 til 2019";"1867";"Bø";"uendret fra 2019 til 2020"
"1868";"Øksnes";"1868";"Øksnes";"uendret fra 2013 til 2017";"1868";"Øksnes";"uendret fra 2017 til 2018";"1868";"Øksnes";"uendret fra 2018 til 2019";"1868";"Øksnes";"uendret fra 2019 til 2020"
"1870";"Sortland";"1870";"Sortland";"uendret fra 2013 til 2017";"1870";"Sortland - Suortá";"uendret fra 2017 til 2018";"1870";"Sortland - Suortá";"uendret fra 2018 til 2019";"1870";"Sortland - Suortá";"uendret fra 2019 til 2020"
"1871";"Andøy";"1871";"Andøy";"uendret fra 2013 til 2017";"1871";"Andøy";"uendret fra 2017 til 2018";"1871";"Andøy";"uendret fra 2018 til 2019";"1871";"Andøy";"uendret fra 2019 til 2020"
"1874";"Moskenes";"1874";"Moskenes";"uendret fra 2013 til 2017";"1874";"Moskenes";"uendret fra 2017 til 2018";"1874";"Moskenes";"uendret fra 2018 til 2019";"1874";"Moskenes";"uendret fra 2019 til 2020"
"1902";"Tromsø";"1902";"Tromsø";"uendret fra 2013 til 2017";"1902";"Tromsø";"uendret fra 2017 til 2018";"1902";"Tromsø";"uendret fra 2018 til 2019";"5401";"Tromsø";"kun endret nummer fra 2019 til 2020"
"1903";"Harstad";"1903";"Harstad";"uendret fra 2013 til 2017";"1903";"Harstad - Hárstták";"uendret fra 2017 til 2018";"1903";"Harstad - Hárstták";"uendret fra 2018 til 2019";"5402";"Harstad - Hárstták";"kun endret nummer fra 2019 til 2020"
"1911";"Kvæfjord";"1911";"Kvæfjord";"uendret fra 2013 til 2017";"1911";"Kvæfjord";"uendret fra 2017 til 2018";"1911";"Kvæfjord";"uendret fra 2018 til 2019";"5411";"Kvæfjord";"kun endret nummer fra 2019 til 2020"
"1913";"Skånland";"1913";"Skånland";"uendret fra 2013 til 2017";"1913";"Skånland";"uendret fra 2017 til 2018";"1913";"Skånland";"uendret fra 2018 til 2019";"5412";"Dielddanuorri - Tjeldsund";"slått sammen fra 2019 til 2020"
"1917";"Ibestad";"1917";"Ibestad";"uendret fra 2013 til 2017";"1917";"Ibestad";"uendret fra 2017 til 2018";"1917";"Ibestad";"uendret fra 2018 til 2019";"5413";"Ibestad";"kun endret nummer fra 2019 til 2020"
"1919";"Gratangen";"1919";"Gratangen";"uendret fra 2013 til 2017";"1919";"Gratangen";"uendret fra 2017 til 2018";"1919";"Gratangen";"uendret fra 2018 til 2019";"5414";"Gratangen";"kun endret nummer fra 2019 til 2020"
"1920";"Loabák - Lavangen";"1920";"Loabák - Lavangen";"uendret fra 2013 til 2017";"1920";"Loabák - Lavangen";"uendret fra 2017 til 2018";"1920";"Loabák - Lavangen";"uendret fra 2018 til 2019";"5415";"Loabák - Lavangen";"kun endret nummer fra 2019 til 2020"
"1922";"Bardu";"1922";"Bardu";"uendret fra 2013 til 2017";"1922";"Bardu";"uendret fra 2017 til 2018";"1922";"Bardu";"uendret fra 2018 til 2019";"5416";"Bardu";"kun endret nummer fra 2019 til 2020"
"1923";"Salangen";"1923";"Salangen";"uendret fra 2013 til 2017";"1923";"Salangen";"uendret fra 2017 til 2018";"1923";"Salangen";"uendret fra 2018 til 2019";"5417";"Salangen";"kun endret nummer fra 2019 til 2020"
"1924";"Målselv";"1924";"Målselv";"uendret fra 2013 til 2017";"1924";"Målselv";"uendret fra 2017 til 2018";"1924";"Målselv";"uendret fra 2018 til 2019";"5418";"Målselv";"kun endret nummer fra 2019 til 2020"
"1925";"Sørreisa";"1925";"Sørreisa";"uendret fra 2013 til 2017";"1925";"Sørreisa";"uendret fra 2017 til 2018";"1925";"Sørreisa";"uendret fra 2018 til 2019";"5419";"Sørreisa";"kun endret nummer fra 2019 til 2020"
"1926";"Dyrøy";"1926";"Dyrøy";"uendret fra 2013 til 2017";"1926";"Dyrøy";"uendret fra 2017 til 2018";"1926";"Dyrøy";"uendret fra 2018 til 2019";"5420";"Dyrøy";"kun endret nummer fra 2019 til 2020"
"1927";"Tranøy";"1927";"Tranøy";"uendret fra 2013 til 2017";"1927";"Tranøy";"uendret fra 2017 til 2018";"1927";"Tranøy";"uendret fra 2018 til 2019";"5421";"Senja";"slått sammen fra 2019 til 2020"
"1928";"Torsken";"1928";"Torsken";"uendret fra 2013 til 2017";"1928";"Torsken";"uendret fra 2017 til 2018";"1928";"Torsken";"uendret fra 2018 til 2019";"5421";"Senja";"slått sammen fra 2019 til 2020"
"1929";"Berg";"1929";"Berg";"uendret fra 2013 til 2017";"1929";"Berg";"uendret fra 2017 til 2018";"1929";"Berg";"uendret fra 2018 til 2019";"5421";"Senja";"slått sammen fra 2019 til 2020"
"1931";"Lenvik";"1931";"Lenvik";"uendret fra 2013 til 2017";"1931";"Lenvik";"uendret fra 2017 til 2018";"1931";"Lenvik";"uendret fra 2018 til 2019";"5421";"Senja";"slått sammen fra 2019 til 2020"
"1933";"Balsfjord";"1933";"Balsfjord";"uendret fra 2013 til 2017";"1933";"Balsfjord";"uendret fra 2017 til 2018";"1933";"Balsfjord";"uendret fra 2018 til 2019";"5422";"Balsfjord";"kun endret nummer fra 2019 til 2020"
"1936";"Karlsøy";"1936";"Karlsøy";"uendret fra 2013 til 2017";"1936";"Karlsøy";"uendret fra 2017 til 2018";"1936";"Karlsøy";"uendret fra 2018 til 2019";"5423";"Karlsøy";"kun endret nummer fra 2019 til 2020"
"1938";"Lyngen";"1938";"Lyngen";"uendret fra 2013 til 2017";"1938";"Lyngen";"uendret fra 2017 til 2018";"1938";"Lyngen";"uendret fra 2018 til 2019";"5424";"Lyngen";"kun endret nummer fra 2019 til 2020"
"1939";"Storfjord - Omasvuotna - Omasvuono";"1939";"Storfjord - Omasvuotna - Omasvuono";"uendret fra 2013 til 2017";"1939";"Storfjord - Omasvuotna - Omasvuono";"uendret fra 2017 til 2018";"1939";"Storfjord - Omasvuotna - Omasvuono";"uendret fra 2018 til 2019";"5425";"Storfjord - Omasvuotna - Omasvuono";"kun endret nummer fra 2019 til 2020"
"1940";"Gáivuotna - Kåfjord";"1940";"Gáivuotna - Kåfjord - Kaivuono";"uendret fra 2013 til 2017";"1940";"Gáivuotna - Kåfjord - Kaivuono";"uendret fra 2017 til 2018";"1940";"Gáivuotna - Kåfjord - Kaivuono";"uendret fra 2018 til 2019";"5426";"Gáivuotna - Kåfjord - Kaivuono";"kun endret nummer fra 2019 til 2020"
"1941";"Skjervøy";"1941";"Skjervøy";"uendret fra 2013 til 2017";"1941";"Skjervøy";"uendret fra 2017 til 2018";"1941";"Skjervøy";"uendret fra 2018 til 2019";"5427";"Skjervøy";"kun endret nummer fra 2019 til 2020"
"1942";"Nordreisa";"1942";"Nordreisa";"uendret fra 2013 til 2017";"1942";"Nordreisa";"uendret fra 2017 til 2018";"1942";"Nordreisa - Ráisa - Raisi";"uendret fra 2018 til 2019";"5428";"Nordreisa - Ráisa - Raisi";"kun endret nummer fra 2019 til 2020"
"1943";"Kvænangen";"1943";"Kvænangen";"uendret fra 2013 til 2017";"1943";"Kvænangen";"uendret fra 2017 til 2018";"1943";"Kvænangen";"uendret fra 2018 til 2019";"5429";"Kvænangen";"kun endret nummer fra 2019 til 2020"
"2002";"Vardø";"2002";"Vardø";"uendret fra 2013 til 2017";"2002";"Vardø";"uendret fra 2017 til 2018";"2002";"Vardø";"uendret fra 2018 til 2019";"5404";"Vardø";"kun endret nummer fra 2019 til 2020"
"2003";"Vadsø";"2003";"Vadsø";"uendret fra 2013 til 2017";"2003";"Vadsø";"uendret fra 2017 til 2018";"2003";"Vadsø";"uendret fra 2018 til 2019";"5405";"Vadsø";"kun endret nummer fra 2019 til 2020"
"2004";"Hammerfest";"2004";"Hammerfest";"uendret fra 2013 til 2017";"2004";"Hammerfest";"uendret fra 2017 til 2018";"2004";"Hammerfest - Hámmerfeasta";"uendret fra 2018 til 2019";"5406";"Hammerfest - Hámmerfeasta";"slått sammen fra 2019 til 2020"
"2011";"Guovdageaidnu - Kautokeino";"2011";"Guovdageaidnu - Kautokeino";"uendret fra 2013 til 2017";"2011";"Guovdageaidnu - Kautokeino";"uendret fra 2017 til 2018";"2011";"Guovdageaidnu - Kautokeino";"uendret fra 2018 til 2019";"5430";"Guovdageaidnu - Kautokeino";"kun endret nummer fra 2019 til 2020"
"2012";"Alta";"2012";"Alta";"uendret fra 2013 til 2017";"2012";"Alta";"uendret fra 2017 til 2018";"2012";"Alta";"uendret fra 2018 til 2019";"5403";"Alta";"kun endret nummer fra 2019 til 2020"
"2014";"Loppa";"2014";"Loppa";"uendret fra 2013 til 2017";"2014";"Loppa";"uendret fra 2017 til 2018";"2014";"Loppa";"uendret fra 2018 til 2019";"5432";"Loppa";"kun endret nummer fra 2019 til 2020"
"2015";"Hasvik";"2015";"Hasvik";"uendret fra 2013 til 2017";"2015";"Hasvik";"uendret fra 2017 til 2018";"2015";"Hasvik";"uendret fra 2018 til 2019";"5433";"Hasvik";"kun endret nummer fra 2019 til 2020"
"2017";"Kvalsund";"2017";"Kvalsund";"uendret fra 2013 til 2017";"2017";"Kvalsund";"uendret fra 2017 til 2018";"2017";"Kvalsund";"uendret fra 2018 til 2019";"5406";"Hammerfest - Hámmerfeasta";"slått sammen fra 2019 til 2020"
"2018";"Måsøy";"2018";"Måsøy";"uendret fra 2013 til 2017";"2018";"Måsøy";"uendret fra 2017 til 2018";"2018";"Måsøy";"uendret fra 2018 til 2019";"5434";"Måsøy";"kun endret nummer fra 2019 til 2020"
"2019";"Nordkapp";"2019";"Nordkapp";"uendret fra 2013 til 2017";"2019";"Nordkapp";"uendret fra 2017 til 2018";"2019";"Nordkapp";"uendret fra 2018 til 2019";"5435";"Nordkapp";"kun endret nummer fra 2019 til 2020"
"2020";"Porsanger - Porsángu - Porsanki";"2020";"Porsanger - Porsángu - Porsanki";"uendret fra 2013 til 2017";"2020";"Porsanger - Porsángu - Porsanki";"uendret fra 2017 til 2018";"2020";"Porsanger - Porsángu - Porsanki";"uendret fra 2018 til 2019";"5436";"Porsanger - Porsá?gu - Porsanki";"kun endret nummer fra 2019 til 2020"
"2021";"Kárá?johka - Karasjok";"2021";"Kárá?johka - Karasjok";"uendret fra 2013 til 2017";"2021";"Kárá?johka - Karasjok";"uendret fra 2017 til 2018";"2021";"Kárá?johka - Karasjok";"uendret fra 2018 til 2019";"5437";"Kárá?johka - Karasjok";"kun endret nummer fra 2019 til 2020"
"2022";"Lebesby";"2022";"Lebesby";"uendret fra 2013 til 2017";"2022";"Lebesby";"uendret fra 2017 til 2018";"2022";"Lebesby";"uendret fra 2018 til 2019";"5438";"Lebesby";"kun endret nummer fra 2019 til 2020"
"2023";"Gamvik";"2023";"Gamvik";"uendret fra 2013 til 2017";"2023";"Gamvik";"uendret fra 2017 til 2018";"2023";"Gamvik";"uendret fra 2018 til 2019";"5439";"Gamvik";"kun endret nummer fra 2019 til 2020"
"2024";"Berlevåg";"2024";"Berlevåg";"uendret fra 2013 til 2017";"2024";"Berlevåg";"uendret fra 2017 til 2018";"2024";"Berlevåg";"uendret fra 2018 til 2019";"5440";"Berlevåg";"kun endret nummer fra 2019 til 2020"
"2025";"Deatnu - Tana";"2025";"Deatnu - Tana";"uendret fra 2013 til 2017";"2025";"Deatnu - Tana";"uendret fra 2017 til 2018";"2025";"Deatnu - Tana";"uendret fra 2018 til 2019";"5441";"Deatnu - Tana";"kun endret nummer fra 2019 til 2020"
"2027";"Unjárga - Nesseby";"2027";"Unjárga - Nesseby";"uendret fra 2013 til 2017";"2027";"Unjárga - Nesseby";"uendret fra 2017 til 2018";"2027";"Unjárga - Nesseby";"uendret fra 2018 til 2019";"5442";"Unjárga - Nesseby";"kun endret nummer fra 2019 til 2020"
"2028";"Båtsfjord";"2028";"Båtsfjord";"uendret fra 2013 til 2017";"2028";"Båtsfjord";"uendret fra 2017 til 2018";"2028";"Båtsfjord";"uendret fra 2018 til 2019";"5443";"Båtsfjord";"kun endret nummer fra 2019 til 2020"
"2030";"Sør-Varanger";"2030";"Sør-Varanger";"uendret fra 2013 til 2017";"2030";"Sør-Varanger";"uendret fra 2017 til 2018";"2030";"Sør-Varanger";"uendret fra 2018 til 2019";"5444";"Sør-Varanger";"kun endret nummer fra 2019 til 2020"
"9999";"Uoppgitt";"9999";"Uoppgitt";"uendret fra 2013 til 2017";"9999";"Uoppgitt";"uendret fra 2017 til 2018";"9999";"Uoppgitt";"uendret fra 2018 til 2019";"9999";"Uoppgitt";"uendret fra 2019 til 2020"
