"kommunenummer_2018";"kommunenavn_2018";"kommunenummer_2019";"kommunenavn_2019";"endringsmerknad_18_19"
"0101";"Halden";"0101";"Halden";"uendret fra 2018 til 2019"
"0104";"Moss";"0104";"Moss";"uendret fra 2018 til 2019"
"0105";"Sarpsborg";"0105";"Sarpsborg";"uendret fra 2018 til 2019"
"0106";"Fredrikstad";"0106";"Fredrikstad";"uendret fra 2018 til 2019"
"0111";"Hvaler";"0111";"Hvaler";"uendret fra 2018 til 2019"
"0118";"Aremark";"0118";"Aremark";"uendret fra 2018 til 2019"
"0119";"Marker";"0119";"Marker";"uendret fra 2018 til 2019"
"0121";"Rømskog";"0121";"Rømskog";"uendret fra 2018 til 2019"
"0122";"Trøgstad";"0122";"Trøgstad";"uendret fra 2018 til 2019"
"0123";"Spydeberg";"0123";"Spydeberg";"uendret fra 2018 til 2019"
"0124";"Askim";"0124";"Askim";"uendret fra 2018 til 2019"
"0125";"Eidsberg";"0125";"Eidsberg";"uendret fra 2018 til 2019"
"0127";"Skiptvet";"0127";"Skiptvet";"uendret fra 2018 til 2019"
"0128";"Rakkestad";"0128";"Rakkestad";"uendret fra 2018 til 2019"
"0135";"Råde";"0135";"Råde";"uendret fra 2018 til 2019"
"0136";"Rygge";"0136";"Rygge";"uendret fra 2018 til 2019"
"0137";"Våler";"0137";"Våler";"uendret fra 2018 til 2019"
"0138";"Hobøl";"0138";"Hobøl";"uendret fra 2018 til 2019"
"0211";"Vestby";"0211";"Vestby";"uendret fra 2018 til 2019"
"0213";"Ski";"0213";"Ski";"uendret fra 2018 til 2019"
"0214";"Ås";"0214";"Ås";"uendret fra 2018 til 2019"
"0215";"Frogn";"0215";"Frogn";"uendret fra 2018 til 2019"
"0216";"Nesodden";"0216";"Nesodden";"uendret fra 2018 til 2019"
"0217";"Oppegård";"0217";"Oppegård";"uendret fra 2018 til 2019"
"0219";"Bærum";"0219";"Bærum";"uendret fra 2018 til 2019"
"0220";"Asker";"0220";"Asker";"uendret fra 2018 til 2019"
"0221";"Aurskog-Høland";"0221";"Aurskog-Høland";"uendret fra 2018 til 2019"
"0226";"Sørum";"0226";"Sørum";"uendret fra 2018 til 2019"
"0227";"Fet";"0227";"Fet";"uendret fra 2018 til 2019"
"0228";"Rælingen";"0228";"Rælingen";"uendret fra 2018 til 2019"
"0229";"Enebakk";"0229";"Enebakk";"uendret fra 2018 til 2019"
"0230";"Lørenskog";"0230";"Lørenskog";"uendret fra 2018 til 2019"
"0231";"Skedsmo";"0231";"Skedsmo";"uendret fra 2018 til 2019"
"0233";"Nittedal";"0233";"Nittedal";"uendret fra 2018 til 2019"
"0234";"Gjerdrum";"0234";"Gjerdrum";"uendret fra 2018 til 2019"
"0235";"Ullensaker";"0235";"Ullensaker";"uendret fra 2018 til 2019"
"0236";"Nes";"0236";"Nes";"uendret fra 2018 til 2019"
"0237";"Eidsvoll";"0237";"Eidsvoll";"uendret fra 2018 til 2019"
"0238";"Nannestad";"0238";"Nannestad";"uendret fra 2018 til 2019"
"0239";"Hurdal";"0239";"Hurdal";"uendret fra 2018 til 2019"
"0301";"Oslo";"0301";"Oslo";"uendret fra 2018 til 2019"
"0402";"Kongsvinger";"0402";"Kongsvinger";"uendret fra 2018 til 2019"
"0403";"Hamar";"0403";"Hamar";"uendret fra 2018 til 2019"
"0412";"Ringsaker";"0412";"Ringsaker";"uendret fra 2018 til 2019"
"0415";"Løten";"0415";"Løten";"uendret fra 2018 til 2019"
"0417";"Stange";"0417";"Stange";"uendret fra 2018 til 2019"
"0418";"Nord-Odal";"0418";"Nord-Odal";"uendret fra 2018 til 2019"
"0419";"Sør-Odal";"0419";"Sør-Odal";"uendret fra 2018 til 2019"
"0420";"Eidskog";"0420";"Eidskog";"uendret fra 2018 til 2019"
"0423";"Grue";"0423";"Grue";"uendret fra 2018 til 2019"
"0425";"Åsnes";"0425";"Åsnes";"uendret fra 2018 til 2019"
"0426";"Våler";"0426";"Våler";"uendret fra 2018 til 2019"
"0427";"Elverum";"0427";"Elverum";"uendret fra 2018 til 2019"
"0428";"Trysil";"0428";"Trysil";"uendret fra 2018 til 2019"
"0429";"Åmot";"0429";"Åmot";"uendret fra 2018 til 2019"
"0430";"Stor-Elvdal";"0430";"Stor-Elvdal";"uendret fra 2018 til 2019"
"0432";"Rendalen";"0432";"Rendalen";"uendret fra 2018 til 2019"
"0434";"Engerdal";"0434";"Engerdal";"uendret fra 2018 til 2019"
"0436";"Tolga";"0436";"Tolga";"uendret fra 2018 til 2019"
"0437";"Tynset";"0437";"Tynset";"uendret fra 2018 til 2019"
"0438";"Alvdal";"0438";"Alvdal";"uendret fra 2018 til 2019"
"0439";"Folldal";"0439";"Folldal";"uendret fra 2018 til 2019"
"0441";"Os";"0441";"Os";"uendret fra 2018 til 2019"
"0501";"Lillehammer";"0501";"Lillehammer";"uendret fra 2018 til 2019"
"0502";"Gjøvik";"0502";"Gjøvik";"uendret fra 2018 til 2019"
"0511";"Dovre";"0511";"Dovre";"uendret fra 2018 til 2019"
"0512";"Lesja";"0512";"Lesja";"uendret fra 2018 til 2019"
"0513";"Skjåk";"0513";"Skjåk";"uendret fra 2018 til 2019"
"0514";"Lom";"0514";"Lom";"uendret fra 2018 til 2019"
"0515";"Vågå";"0515";"Vågå";"uendret fra 2018 til 2019"
"0516";"Nord-Fron";"0516";"Nord-Fron";"uendret fra 2018 til 2019"
"0517";"Sel";"0517";"Sel";"uendret fra 2018 til 2019"
"0519";"Sør-Fron";"0519";"Sør-Fron";"uendret fra 2018 til 2019"
"0520";"Ringebu";"0520";"Ringebu";"uendret fra 2018 til 2019"
"0521";"Øyer";"0521";"Øyer";"uendret fra 2018 til 2019"
"0522";"Gausdal";"0522";"Gausdal";"uendret fra 2018 til 2019"
"0528";"Østre Toten";"0528";"Østre Toten";"uendret fra 2018 til 2019"
"0529";"Vestre Toten";"0529";"Vestre Toten";"uendret fra 2018 til 2019"
"0532";"Jevnaker";"0532";"Jevnaker";"uendret fra 2018 til 2019"
"0533";"Lunner";"0533";"Lunner";"uendret fra 2018 til 2019"
"0534";"Gran";"0534";"Gran";"uendret fra 2018 til 2019"
"0536";"Søndre Land";"0536";"Søndre Land";"uendret fra 2018 til 2019"
"0538";"Nordre Land";"0538";"Nordre Land";"uendret fra 2018 til 2019"
"0540";"Sør-Aurdal";"0540";"Sør-Aurdal";"uendret fra 2018 til 2019"
"0541";"Etnedal";"0541";"Etnedal";"uendret fra 2018 til 2019"
"0542";"Nord-Aurdal";"0542";"Nord-Aurdal";"uendret fra 2018 til 2019"
"0543";"Vestre Slidre";"0543";"Vestre Slidre";"uendret fra 2018 til 2019"
"0544";"Øystre Slidre";"0544";"Øystre Slidre";"uendret fra 2018 til 2019"
"0545";"Vang";"0545";"Vang";"uendret fra 2018 til 2019"
"0602";"Drammen";"0602";"Drammen";"uendret fra 2018 til 2019"
"0604";"Kongsberg";"0604";"Kongsberg";"uendret fra 2018 til 2019"
"0605";"Ringerike";"0605";"Ringerike";"uendret fra 2018 til 2019"
"0612";"Hole";"0612";"Hole";"uendret fra 2018 til 2019"
"0615";"Flå";"0615";"Flå";"uendret fra 2018 til 2019"
"0616";"Nes";"0616";"Nes";"uendret fra 2018 til 2019"
"0617";"Gol";"0617";"Gol";"uendret fra 2018 til 2019"
"0618";"Hemsedal";"0618";"Hemsedal";"uendret fra 2018 til 2019"
"0619";"Ål";"0619";"Ål";"uendret fra 2018 til 2019"
"0620";"Hol";"0620";"Hol";"uendret fra 2018 til 2019"
"0621";"Sigdal";"0621";"Sigdal";"uendret fra 2018 til 2019"
"0622";"Krødsherad";"0622";"Krødsherad";"uendret fra 2018 til 2019"
"0623";"Modum";"0623";"Modum";"uendret fra 2018 til 2019"
"0624";"Øvre Eiker";"0624";"Øvre Eiker";"uendret fra 2018 til 2019"
"0625";"Nedre Eiker";"0625";"Nedre Eiker";"uendret fra 2018 til 2019"
"0626";"Lier";"0626";"Lier";"uendret fra 2018 til 2019"
"0627";"Røyken";"0627";"Røyken";"uendret fra 2018 til 2019"
"0628";"Hurum";"0628";"Hurum";"uendret fra 2018 til 2019"
"0631";"Flesberg";"0631";"Flesberg";"uendret fra 2018 til 2019"
"0632";"Rollag";"0632";"Rollag";"uendret fra 2018 til 2019"
"0633";"Nore og Uvdal";"0633";"Nore og Uvdal";"uendret fra 2018 til 2019"
"0701";"Horten";"0701";"Horten";"uendret fra 2018 til 2019"
"0704";"Tønsberg";"0704";"Tønsberg";"uendret fra 2018 til 2019"
"0710";"Sandefjord";"0710";"Sandefjord";"uendret fra 2018 til 2019"
"0711";"Svelvik";"0711";"Svelvik";"uendret fra 2018 til 2019"
"0712";"Larvik";"0712";"Larvik";"uendret fra 2018 til 2019"
"0713";"Sande";"0713";"Sande";"uendret fra 2018 til 2019"
"0715";"Holmestrand";"0715";"Holmestrand";"uendret fra 2018 til 2019"
"0716";"Re";"0716";"Re";"uendret fra 2018 til 2019"
"0729";"Færder";"0729";"Færder";"uendret fra 2018 til 2019"
"0805";"Porsgrunn";"0805";"Porsgrunn";"uendret fra 2018 til 2019"
"0806";"Skien";"0806";"Skien";"uendret fra 2018 til 2019"
"0807";"Notodden";"0807";"Notodden";"uendret fra 2018 til 2019"
"0811";"Siljan";"0811";"Siljan";"uendret fra 2018 til 2019"
"0814";"Bamble";"0814";"Bamble";"uendret fra 2018 til 2019"
"0815";"Kragerø";"0815";"Kragerø";"uendret fra 2018 til 2019"
"0817";"Drangedal";"0817";"Drangedal";"uendret fra 2018 til 2019"
"0819";"Nome";"0819";"Nome";"uendret fra 2018 til 2019"
"0821";"Bø";"0821";"Bø";"uendret fra 2018 til 2019"
"0822";"Sauherad";"0822";"Sauherad";"uendret fra 2018 til 2019"
"0826";"Tinn";"0826";"Tinn";"uendret fra 2018 til 2019"
"0827";"Hjartdal";"0827";"Hjartdal";"uendret fra 2018 til 2019"
"0828";"Seljord";"0828";"Seljord";"uendret fra 2018 til 2019"
"0829";"Kviteseid";"0829";"Kviteseid";"uendret fra 2018 til 2019"
"0830";"Nissedal";"0830";"Nissedal";"uendret fra 2018 til 2019"
"0831";"Fyresdal";"0831";"Fyresdal";"uendret fra 2018 til 2019"
"0833";"Tokke";"0833";"Tokke";"uendret fra 2018 til 2019"
"0834";"Vinje";"0834";"Vinje";"uendret fra 2018 til 2019"
"0901";"Risør";"0901";"Risør";"uendret fra 2018 til 2019"
"0904";"Grimstad";"0904";"Grimstad";"uendret fra 2018 til 2019"
"0906";"Arendal";"0906";"Arendal";"uendret fra 2018 til 2019"
"0911";"Gjerstad";"0911";"Gjerstad";"uendret fra 2018 til 2019"
"0912";"Vegårshei";"0912";"Vegårshei";"uendret fra 2018 til 2019"
"0914";"Tvedestrand";"0914";"Tvedestrand";"uendret fra 2018 til 2019"
"0919";"Froland";"0919";"Froland";"uendret fra 2018 til 2019"
"0926";"Lillesand";"0926";"Lillesand";"uendret fra 2018 til 2019"
"0928";"Birkenes";"0928";"Birkenes";"uendret fra 2018 til 2019"
"0929";"Åmli";"0929";"Åmli";"uendret fra 2018 til 2019"
"0935";"Iveland";"0935";"Iveland";"uendret fra 2018 til 2019"
"0937";"Evje og Hornnes";"0937";"Evje og Hornnes";"uendret fra 2018 til 2019"
"0938";"Bygland";"0938";"Bygland";"uendret fra 2018 til 2019"
"0940";"Valle";"0940";"Valle";"uendret fra 2018 til 2019"
"0941";"Bykle";"0941";"Bykle";"uendret fra 2018 til 2019"
"1001";"Kristiansand";"1001";"Kristiansand";"uendret fra 2018 til 2019"
"1002";"Mandal";"1002";"Mandal";"uendret fra 2018 til 2019"
"1003";"Farsund";"1003";"Farsund";"uendret fra 2018 til 2019"
"1004";"Flekkefjord";"1004";"Flekkefjord";"uendret fra 2018 til 2019"
"1014";"Vennesla";"1014";"Vennesla";"uendret fra 2018 til 2019"
"1017";"Songdalen";"1017";"Songdalen";"uendret fra 2018 til 2019"
"1018";"Søgne";"1018";"Søgne";"uendret fra 2018 til 2019"
"1021";"Marnardal";"1021";"Marnardal";"uendret fra 2018 til 2019"
"1026";"Åseral";"1026";"Åseral";"uendret fra 2018 til 2019"
"1027";"Audnedal";"1027";"Audnedal";"uendret fra 2018 til 2019"
"1029";"Lindesnes";"1029";"Lindesnes";"uendret fra 2018 til 2019"
"1032";"Lyngdal";"1032";"Lyngdal";"uendret fra 2018 til 2019"
"1034";"Hægebostad";"1034";"Hægebostad";"uendret fra 2018 til 2019"
"1037";"Kvinesdal";"1037";"Kvinesdal";"uendret fra 2018 til 2019"
"1046";"Sirdal";"1046";"Sirdal";"uendret fra 2018 til 2019"
"1101";"Eigersund";"1101";"Eigersund";"uendret fra 2018 til 2019"
"1102";"Sandnes";"1102";"Sandnes";"uendret fra 2018 til 2019"
"1103";"Stavanger";"1103";"Stavanger";"uendret fra 2018 til 2019"
"1106";"Haugesund";"1106";"Haugesund";"uendret fra 2018 til 2019"
"1111";"Sokndal";"1111";"Sokndal";"uendret fra 2018 til 2019"
"1112";"Lund";"1112";"Lund";"uendret fra 2018 til 2019"
"1114";"Bjerkreim";"1114";"Bjerkreim";"uendret fra 2018 til 2019"
"1119";"Hå";"1119";"Hå";"uendret fra 2018 til 2019"
"1120";"Klepp";"1120";"Klepp";"uendret fra 2018 til 2019"
"1121";"Time";"1121";"Time";"uendret fra 2018 til 2019"
"1122";"Gjesdal";"1122";"Gjesdal";"uendret fra 2018 til 2019"
"1124";"Sola";"1124";"Sola";"uendret fra 2018 til 2019"
"1127";"Randaberg";"1127";"Randaberg";"uendret fra 2018 til 2019"
"1129";"Forsand";"1129";"Forsand";"uendret fra 2018 til 2019"
"1130";"Strand";"1130";"Strand";"uendret fra 2018 til 2019"
"1133";"Hjelmeland";"1133";"Hjelmeland";"uendret fra 2018 til 2019"
"1134";"Suldal";"1134";"Suldal";"uendret fra 2018 til 2019"
"1135";"Sauda";"1135";"Sauda";"uendret fra 2018 til 2019"
"1141";"Finnøy";"1141";"Finnøy";"uendret fra 2018 til 2019"
"1142";"Rennesøy";"1142";"Rennesøy";"uendret fra 2018 til 2019"
"1144";"Kvitsøy";"1144";"Kvitsøy";"uendret fra 2018 til 2019"
"1145";"Bokn";"1145";"Bokn";"uendret fra 2018 til 2019"
"1146";"Tysvær";"1146";"Tysvær";"uendret fra 2018 til 2019"
"1149";"Karmøy";"1149";"Karmøy";"uendret fra 2018 til 2019"
"1151";"Utsira";"1151";"Utsira";"uendret fra 2018 til 2019"
"1160";"Vindafjord";"1160";"Vindafjord";"uendret fra 2018 til 2019"
"1201";"Bergen";"1201";"Bergen";"uendret fra 2018 til 2019"
"1211";"Etne";"1211";"Etne";"uendret fra 2018 til 2019"
"1216";"Sveio";"1216";"Sveio";"uendret fra 2018 til 2019"
"1219";"Bømlo";"1219";"Bømlo";"uendret fra 2018 til 2019"
"1221";"Stord";"1221";"Stord";"uendret fra 2018 til 2019"
"1222";"Fitjar";"1222";"Fitjar";"uendret fra 2018 til 2019"
"1223";"Tysnes";"1223";"Tysnes";"uendret fra 2018 til 2019"
"1224";"Kvinnherad";"1224";"Kvinnherad";"uendret fra 2018 til 2019"
"1227";"Jondal";"1227";"Jondal";"uendret fra 2018 til 2019"
"1228";"Odda";"1228";"Odda";"uendret fra 2018 til 2019"
"1231";"Ullensvang";"1231";"Ullensvang";"uendret fra 2018 til 2019"
"1232";"Eidfjord";"1232";"Eidfjord";"uendret fra 2018 til 2019"
"1233";"Ulvik";"1233";"Ulvik";"uendret fra 2018 til 2019"
"1234";"Granvin";"1234";"Granvin";"uendret fra 2018 til 2019"
"1235";"Voss";"1235";"Voss";"uendret fra 2018 til 2019"
"1238";"Kvam";"1238";"Kvam";"uendret fra 2018 til 2019"
"1241";"Fusa";"1241";"Fusa";"uendret fra 2018 til 2019"
"1242";"Samnanger";"1242";"Samnanger";"uendret fra 2018 til 2019"
"1243";"Os";"1243";"Os";"uendret fra 2018 til 2019"
"1244";"Austevoll";"1244";"Austevoll";"uendret fra 2018 til 2019"
"1245";"Sund";"1245";"Sund";"uendret fra 2018 til 2019"
"1246";"Fjell";"1246";"Fjell";"uendret fra 2018 til 2019"
"1247";"Askøy";"1247";"Askøy";"uendret fra 2018 til 2019"
"1251";"Vaksdal";"1251";"Vaksdal";"uendret fra 2018 til 2019"
"1252";"Modalen";"1252";"Modalen";"uendret fra 2018 til 2019"
"1253";"Osterøy";"1253";"Osterøy";"uendret fra 2018 til 2019"
"1256";"Meland";"1256";"Meland";"uendret fra 2018 til 2019"
"1259";"Øygarden";"1259";"Øygarden";"uendret fra 2018 til 2019"
"1260";"Radøy";"1260";"Radøy";"uendret fra 2018 til 2019"
"1263";"Lindås";"1263";"Lindås";"uendret fra 2018 til 2019"
"1264";"Austrheim";"1264";"Austrheim";"uendret fra 2018 til 2019"
"1265";"Fedje";"1265";"Fedje";"uendret fra 2018 til 2019"
"1266";"Masfjorden";"1266";"Masfjorden";"uendret fra 2018 til 2019"
"1401";"Flora";"1401";"Flora";"uendret fra 2018 til 2019"
"1411";"Gulen";"1411";"Gulen";"uendret fra 2018 til 2019"
"1412";"Solund";"1412";"Solund";"uendret fra 2018 til 2019"
"1413";"Hyllestad";"1413";"Hyllestad";"uendret fra 2018 til 2019"
"1416";"Høyanger";"1416";"Høyanger";"uendret fra 2018 til 2019"
"1417";"Vik";"1417";"Vik";"uendret fra 2018 til 2019"
"1418";"Balestrand";"1418";"Balestrand";"uendret fra 2018 til 2019"
"1419";"Leikanger";"1419";"Leikanger";"uendret fra 2018 til 2019"
"1420";"Sogndal";"1420";"Sogndal";"uendret fra 2018 til 2019"
"1421";"Aurland";"1421";"Aurland";"uendret fra 2018 til 2019"
"1422";"Lærdal";"1422";"Lærdal";"uendret fra 2018 til 2019"
"1424";"Årdal";"1424";"Årdal";"uendret fra 2018 til 2019"
"1426";"Luster";"1426";"Luster";"uendret fra 2018 til 2019"
"1428";"Askvoll";"1428";"Askvoll";"uendret fra 2018 til 2019"
"1429";"Fjaler";"1429";"Fjaler";"uendret fra 2018 til 2019"
"1430";"Gaular";"1430";"Gaular";"uendret fra 2018 til 2019"
"1431";"Jølster";"1431";"Jølster";"uendret fra 2018 til 2019"
"1432";"Førde";"1432";"Førde";"uendret fra 2018 til 2019"
"1433";"Naustdal";"1433";"Naustdal";"uendret fra 2018 til 2019"
"1438";"Bremanger";"1438";"Bremanger";"uendret fra 2018 til 2019"
"1439";"Vågsøy";"1439";"Vågsøy";"uendret fra 2018 til 2019"
"1441";"Selje";"1441";"Selje";"uendret fra 2018 til 2019"
"1443";"Eid";"1443";"Eid";"uendret fra 2018 til 2019"
"1444";"Hornindal";"1444";"Hornindal";"uendret fra 2018 til 2019"
"1445";"Gloppen";"1445";"Gloppen";"uendret fra 2018 til 2019"
"1449";"Stryn";"1449";"Stryn";"uendret fra 2018 til 2019"
"1502";"Molde";"1502";"Molde";"uendret fra 2018 til 2019"
"1504";"Ålesund";"1504";"Ålesund";"uendret fra 2018 til 2019"
"1505";"Kristiansund";"1505";"Kristiansund";"uendret fra 2018 til 2019"
"1511";"Vanylven";"1511";"Vanylven";"uendret fra 2018 til 2019"
"1514";"Sande";"1514";"Sande";"uendret fra 2018 til 2019"
"1515";"Herøy";"1515";"Herøy";"uendret fra 2018 til 2019"
"1516";"Ulstein";"1516";"Ulstein";"uendret fra 2018 til 2019"
"1517";"Hareid";"1517";"Hareid";"uendret fra 2018 til 2019"
"1519";"Volda";"1519";"Volda";"uendret fra 2018 til 2019"
"1520";"Ørsta";"1520";"Ørsta";"uendret fra 2018 til 2019"
"1523";"Ørskog";"1523";"Ørskog";"uendret fra 2018 til 2019"
"1524";"Norddal";"1524";"Norddal";"uendret fra 2018 til 2019"
"1525";"Stranda";"1525";"Stranda";"uendret fra 2018 til 2019"
"1526";"Stordal";"1526";"Stordal";"uendret fra 2018 til 2019"
"1528";"Sykkylven";"1528";"Sykkylven";"uendret fra 2018 til 2019"
"1529";"Skodje";"1529";"Skodje";"uendret fra 2018 til 2019"
"1531";"Sula";"1531";"Sula";"uendret fra 2018 til 2019"
"1532";"Giske";"1532";"Giske";"uendret fra 2018 til 2019"
"1534";"Haram";"1534";"Haram";"uendret fra 2018 til 2019"
"1535";"Vestnes";"1535";"Vestnes";"uendret fra 2018 til 2019"
"1539";"Rauma";"1539";"Rauma";"uendret fra 2018 til 2019"
"1543";"Nesset";"1543";"Nesset";"uendret fra 2018 til 2019"
"1545";"Midsund";"1545";"Midsund";"uendret fra 2018 til 2019"
"1546";"Sandøy";"1546";"Sandøy";"uendret fra 2018 til 2019"
"1547";"Aukra";"1547";"Aukra";"uendret fra 2018 til 2019"
"1548";"Fræna";"1548";"Fræna";"uendret fra 2018 til 2019"
"1551";"Eide";"1551";"Eide";"uendret fra 2018 til 2019"
"1554";"Averøy";"1554";"Averøy";"uendret fra 2018 til 2019"
"1557";"Gjemnes";"1557";"Gjemnes";"uendret fra 2018 til 2019"
"1560";"Tingvoll";"1560";"Tingvoll";"uendret fra 2018 til 2019"
"1563";"Sunndal";"1563";"Sunndal";"uendret fra 2018 til 2019"
"1566";"Surnadal";"1566";"Surnadal";"uendret fra 2018 til 2019"
"1567";"Rindal";"5061";"Rindal";"kun endret nummer fra 2018 til 2019"
"1571";"Halsa";"1571";"Halsa";"uendret fra 2018 til 2019"
"1573";"Smøla";"1573";"Smøla";"uendret fra 2018 til 2019"
"1576";"Aure";"1576";"Aure";"uendret fra 2018 til 2019"
"1804";"Bodø";"1804";"Bodø";"uendret fra 2018 til 2019"
"1805";"Narvik";"1805";"Narvik";"uendret fra 2018 til 2019"
"1811";"Bindal";"1811";"Bindal";"uendret fra 2018 til 2019"
"1812";"Sømna";"1812";"Sømna";"uendret fra 2018 til 2019"
"1813";"Brønnøy";"1813";"Brønnøy";"uendret fra 2018 til 2019"
"1815";"Vega";"1815";"Vega";"uendret fra 2018 til 2019"
"1816";"Vevelstad";"1816";"Vevelstad";"uendret fra 2018 til 2019"
"1818";"Herøy";"1818";"Herøy";"uendret fra 2018 til 2019"
"1820";"Alstahaug";"1820";"Alstahaug";"uendret fra 2018 til 2019"
"1822";"Leirfjord";"1822";"Leirfjord";"uendret fra 2018 til 2019"
"1824";"Vefsn";"1824";"Vefsn";"uendret fra 2018 til 2019"
"1825";"Grane";"1825";"Grane";"uendret fra 2018 til 2019"
"1826";"Hattfjelldal";"1826";"Hattfjelldal";"uendret fra 2018 til 2019"
"1827";"Dønna";"1827";"Dønna";"uendret fra 2018 til 2019"
"1828";"Nesna";"1828";"Nesna";"uendret fra 2018 til 2019"
"1832";"Hemnes";"1832";"Hemnes";"uendret fra 2018 til 2019"
"1833";"Rana";"1833";"Rana";"uendret fra 2018 til 2019"
"1834";"Lurøy";"1834";"Lurøy";"uendret fra 2018 til 2019"
"1835";"Træna";"1835";"Træna";"uendret fra 2018 til 2019"
"1836";"Rødøy";"1836";"Rødøy";"uendret fra 2018 til 2019"
"1837";"Meløy";"1837";"Meløy";"uendret fra 2018 til 2019"
"1838";"Gildeskål";"1838";"Gildeskål";"uendret fra 2018 til 2019"
"1839";"Beiarn";"1839";"Beiarn";"uendret fra 2018 til 2019"
"1840";"Saltdal";"1840";"Saltdal";"uendret fra 2018 til 2019"
"1841";"Fauske - Fuossko";"1841";"Fauske - Fuossko";"uendret fra 2018 til 2019"
"1845";"Sørfold";"1845";"Sørfold";"uendret fra 2018 til 2019"
"1848";"Steigen";"1848";"Steigen";"uendret fra 2018 til 2019"
"1849";"Hábmer - Hamarøy";"1849";"Hábmer - Hamarøy";"uendret fra 2018 til 2019"
"1850";"Tysfjord - Divtasvuodna";"1850";"Tysfjord - Divtasvuodna";"uendret fra 2018 til 2019"
"1851";"Lødingen";"1851";"Lødingen";"uendret fra 2018 til 2019"
"1852";"Dielddanuorri - Tjeldsund";"1852";"Dielddanuorri - Tjeldsund";"uendret fra 2018 til 2019"
"1853";"Evenes";"1853";"Evenes";"uendret fra 2018 til 2019"
"1854";"Ballangen";"1854";"Ballangen";"uendret fra 2018 til 2019"
"1856";"Røst";"1856";"Røst";"uendret fra 2018 til 2019"
"1857";"Værøy";"1857";"Værøy";"uendret fra 2018 til 2019"
"1859";"Flakstad";"1859";"Flakstad";"uendret fra 2018 til 2019"
"1860";"Vestvågøy";"1860";"Vestvågøy";"uendret fra 2018 til 2019"
"1865";"Vågan";"1865";"Vågan";"uendret fra 2018 til 2019"
"1866";"Hadsel";"1866";"Hadsel";"uendret fra 2018 til 2019"
"1867";"Bø";"1867";"Bø";"uendret fra 2018 til 2019"
"1868";"Øksnes";"1868";"Øksnes";"uendret fra 2018 til 2019"
"1870";"Sortland - Suortá";"1870";"Sortland - Suortá";"uendret fra 2018 til 2019"
"1871";"Andøy";"1871";"Andøy";"uendret fra 2018 til 2019"
"1874";"Moskenes";"1874";"Moskenes";"uendret fra 2018 til 2019"
"1902";"Tromsø";"1902";"Tromsø";"uendret fra 2018 til 2019"
"1903";"Harstad - Hárstták";"1903";"Harstad - Hárstták";"uendret fra 2018 til 2019"
"1911";"Kvæfjord";"1911";"Kvæfjord";"uendret fra 2018 til 2019"
"1913";"Skånland";"1913";"Skånland";"uendret fra 2018 til 2019"
"1917";"Ibestad";"1917";"Ibestad";"uendret fra 2018 til 2019"
"1919";"Gratangen";"1919";"Gratangen";"uendret fra 2018 til 2019"
"1920";"Loabák - Lavangen";"1920";"Loabák - Lavangen";"uendret fra 2018 til 2019"
"1922";"Bardu";"1922";"Bardu";"uendret fra 2018 til 2019"
"1923";"Salangen";"1923";"Salangen";"uendret fra 2018 til 2019"
"1924";"Målselv";"1924";"Målselv";"uendret fra 2018 til 2019"
"1925";"Sørreisa";"1925";"Sørreisa";"uendret fra 2018 til 2019"
"1926";"Dyrøy";"1926";"Dyrøy";"uendret fra 2018 til 2019"
"1927";"Tranøy";"1927";"Tranøy";"uendret fra 2018 til 2019"
"1928";"Torsken";"1928";"Torsken";"uendret fra 2018 til 2019"
"1929";"Berg";"1929";"Berg";"uendret fra 2018 til 2019"
"1931";"Lenvik";"1931";"Lenvik";"uendret fra 2018 til 2019"
"1933";"Balsfjord";"1933";"Balsfjord";"uendret fra 2018 til 2019"
"1936";"Karlsøy";"1936";"Karlsøy";"uendret fra 2018 til 2019"
"1938";"Lyngen";"1938";"Lyngen";"uendret fra 2018 til 2019"
"1939";"Storfjord - Omasvuotna - Omasvuono";"1939";"Storfjord - Omasvuotna - Omasvuono";"uendret fra 2018 til 2019"
"1940";"Gáivuotna - Kåfjord - Kaivuono";"1940";"Gáivuotna - Kåfjord - Kaivuono";"uendret fra 2018 til 2019"
"1941";"Skjervøy";"1941";"Skjervøy";"uendret fra 2018 til 2019"
"1942";"Nordreisa";"1942";"Nordreisa - Ráisa - Raisi";"uendret fra 2018 til 2019"
"1943";"Kvænangen";"1943";"Kvænangen";"uendret fra 2018 til 2019"
"2002";"Vardø";"2002";"Vardø";"uendret fra 2018 til 2019"
"2003";"Vadsø";"2003";"Vadsø";"uendret fra 2018 til 2019"
"2004";"Hammerfest";"2004";"Hammerfest - Hámmerfeasta";"uendret fra 2018 til 2019"
"2011";"Guovdageaidnu - Kautokeino";"2011";"Guovdageaidnu - Kautokeino";"uendret fra 2018 til 2019"
"2012";"Alta";"2012";"Alta";"uendret fra 2018 til 2019"
"2014";"Loppa";"2014";"Loppa";"uendret fra 2018 til 2019"
"2015";"Hasvik";"2015";"Hasvik";"uendret fra 2018 til 2019"
"2017";"Kvalsund";"2017";"Kvalsund";"uendret fra 2018 til 2019"
"2018";"Måsøy";"2018";"Måsøy";"uendret fra 2018 til 2019"
"2019";"Nordkapp";"2019";"Nordkapp";"uendret fra 2018 til 2019"
"2020";"Porsanger - Porsángu - Porsanki";"2020";"Porsanger - Porsángu - Porsanki";"uendret fra 2018 til 2019"
"2021";"Kárá?johka - Karasjok";"2021";"Kárá?johka - Karasjok";"uendret fra 2018 til 2019"
"2022";"Lebesby";"2022";"Lebesby";"uendret fra 2018 til 2019"
"2023";"Gamvik";"2023";"Gamvik";"uendret fra 2018 til 2019"
"2024";"Berlevåg";"2024";"Berlevåg";"uendret fra 2018 til 2019"
"2025";"Deatnu - Tana";"2025";"Deatnu - Tana";"uendret fra 2018 til 2019"
"2027";"Unjárga - Nesseby";"2027";"Unjárga - Nesseby";"uendret fra 2018 til 2019"
"2028";"Båtsfjord";"2028";"Båtsfjord";"uendret fra 2018 til 2019"
"2030";"Sør-Varanger";"2030";"Sør-Varanger";"uendret fra 2018 til 2019"
"5001";"Trondheim";"5001";"Trondheim";"uendret fra 2018 til 2019"
"5004";"Steinkjer";"5004";"Steinkjer";"uendret fra 2018 til 2019"
"5005";"Namsos";"5005";"Namsos - Nåavmesjenjaelmie";"uendret fra 2018 til 2019"
"5011";"Hemne";"5011";"Hemne";"uendret fra 2018 til 2019"
"5012";"Snillfjord";"5012";"Snillfjord";"uendret fra 2018 til 2019"
"5013";"Hitra";"5013";"Hitra";"uendret fra 2018 til 2019"
"5014";"Frøya";"5014";"Frøya";"uendret fra 2018 til 2019"
"5015";"Ørland";"5015";"Ørland";"uendret fra 2018 til 2019"
"5016";"Agdenes";"5016";"Agdenes";"uendret fra 2018 til 2019"
"5017";"Bjugn";"5017";"Bjugn";"uendret fra 2018 til 2019"
"5018";"Åfjord";"5018";"Åfjord";"uendret fra 2018 til 2019"
"5019";"Roan";"5019";"Roan";"uendret fra 2018 til 2019"
"5020";"Osen";"5020";"Osen";"uendret fra 2018 til 2019"
"5021";"Oppdal";"5021";"Oppdal";"uendret fra 2018 til 2019"
"5022";"Rennebu";"5022";"Rennebu";"uendret fra 2018 til 2019"
"5023";"Meldal";"5023";"Meldal";"uendret fra 2018 til 2019"
"5024";"Orkdal";"5024";"Orkdal";"uendret fra 2018 til 2019"
"5025";"Røros";"5025";"Røros";"uendret fra 2018 til 2019"
"5026";"Holtålen";"5026";"Holtålen";"uendret fra 2018 til 2019"
"5027";"Midtre Gauldal";"5027";"Midtre Gauldal";"uendret fra 2018 til 2019"
"5028";"Melhus";"5028";"Melhus";"uendret fra 2018 til 2019"
"5029";"Skaun";"5029";"Skaun";"uendret fra 2018 til 2019"
"5030";"Klæbu";"5030";"Klæbu";"uendret fra 2018 til 2019"
"5031";"Malvik";"5031";"Malvik";"uendret fra 2018 til 2019"
"5032";"Selbu";"5032";"Selbu";"uendret fra 2018 til 2019"
"5033";"Tydal";"5033";"Tydal";"uendret fra 2018 til 2019"
"5034";"Meråker";"5034";"Meråker";"uendret fra 2018 til 2019"
"5035";"Stjørdal";"5035";"Stjørdal";"uendret fra 2018 til 2019"
"5036";"Frosta";"5036";"Frosta";"uendret fra 2018 til 2019"
"5037";"Levanger";"5037";"Levanger";"uendret fra 2018 til 2019"
"5038";"Verdal";"5038";"Verdal";"uendret fra 2018 til 2019"
"5039";"Verran";"5039";"Verran";"uendret fra 2018 til 2019"
"5040";"Namdalseid";"5040";"Namdalseid";"uendret fra 2018 til 2019"
"5041";"Snåase - Snåsa";"5041";"Snåase - Snåsa";"uendret fra 2018 til 2019"
"5042";"Lierne";"5042";"Lierne";"uendret fra 2018 til 2019"
"5043";"Raarvihke - Røyrvik";"5043";"Raarvihke - Røyrvik";"uendret fra 2018 til 2019"
"5044";"Namsskogan";"5044";"Namsskogan";"uendret fra 2018 til 2019"
"5045";"Grong";"5045";"Grong";"uendret fra 2018 til 2019"
"5046";"Høylandet";"5046";"Høylandet";"uendret fra 2018 til 2019"
"5047";"Overhalla";"5047";"Overhalla";"uendret fra 2018 til 2019"
"5048";"Fosnes";"5048";"Fosnes";"uendret fra 2018 til 2019"
"5049";"Flatanger";"5049";"Flatanger";"uendret fra 2018 til 2019"
"5050";"Vikna";"5050";"Vikna";"uendret fra 2018 til 2019"
"5051";"Nærøy";"5051";"Nærøy";"uendret fra 2018 til 2019"
"5052";"Leka";"5052";"Leka";"uendret fra 2018 til 2019"
"5053";"Inderøy";"5053";"Inderøy";"uendret fra 2018 til 2019"
"5054";"Indre Fosen";"5054";"Indre Fosen";"uendret fra 2018 til 2019"
"9999";"Uoppgitt";"9999";"Uoppgitt";"uendret fra 2018 til 2019"
